B.1	"I came across this problem. If ""eqx4eqx"" then find the value of ""eqx5eqx"" for which the range of ""eqx6eqx"" does not contain ""eqx7eqx""."
B.2	"How to solve differential equations of the following form:  ""eqx9eqx"""
B.3	"I am attempting to resolve the following problem:  Find an approximation to ""eqx12eqx"" correct to an exactitude of ""eqx13eqx"" using the bisection algorithm. From what I understand, ""eqx14eqx"" has to be placed in function of ""eqx15eqx"" but I am not sure where to go from there."
B.4	"I have the sum ""eqx22eqx"" I know the result is ""eqx23eqx"" but I don't know how you get there."
B.6	"I want to find ""eqx25eqx"" I have noticed that ""eqx26eqx"" when ""eqx27eqx"" is uneven and 1 otherwise, which would lead me to say that ""eqx28eqx"" But I don't know how to prove this."
B.8	"Finding value of ""eqx49eqx"" what i try ""eqx50eqx"" ""eqx51eqx"" How do i solve it help me please"
B.9	"I need to write the series  ""eqx52eqx""  in a form that does not involve the summation notation, for example ""eqx53eqx"". Does anyone have any idea how to do this?"
B.10	"Find the values of a>0 for which the improper integral ""eqx55eqx"" converges . Do  I have to expand integrand using series expansion??"
B.11	"for instance if had a parameterization: ""eqx66eqx"" and needed to calculate in ""eqx67eqx"": ""eqx68eqx"" There are plenty of examples in the book for calculating the determinate D in ""eqx69eqx"" but none at all for ""eqx70eqx"" case. As in: ""eqx71eqx"" ""eqx72eqx"""
B.12	"It is asking me to find all roots and then sketch it. ""eqx73eqx"" How do we proceed?"
B.13	"How to simplify expression ""eqx75eqx"" The answer is ""eqx76eqx""  but I am wondering how to get the answer."
B.14	"I have first-order differential equation ""eqx77eqx"" Maybe, with this someone will find way to solve it ""eqx78eqx"" I thought I can use ""eqx79eqx"" for subtitution and when I derivate, I have ""eqx80eqx"" which is acctualy the same as previous. I don't have idea how to start.."
B.15	"For the series   ""eqx82eqx""   and ""eqx83eqx"". I need to find partial sums and finally, the sum ""eqx84eqx"" of series."
B.16	"Calculate   ""eqx92eqx"" My try :  Let : ""eqx93eqx"" Then compute ""eqx94eqx""."
B.17	"I want to calculate ""eqx97eqx"" with the function ""eqx98eqx"". I thought about using the closed path ""eqx99eqx"", when: ""eqx100eqx"" ""eqx101eqx"" ""eqx102eqx"" ""eqx103eqx"" I use the fact that ""eqx104eqx"" is an even function and has an anti derivative, so the integral on a closed path is zero."
B.18	"I know there are many question like this, but i want to solve it using Cesáro-Stolz method and no others. I took log and applied Cesáro-Stolz, I get ""eqx111eqx"" Which gives me answer as ""eqx112eqx"" . But answer is ""eqx113eqx""."
B.20	"I'm looking for an ""eqx129eqx"" for which ""eqx130eqx"" where ""eqx131eqx"" is a Euler-Totient Function   I already found one, namely, ""eqx132eqx"" How the calculate the ""eqx133eqx""?"
B.21	"I'm continuing on my journey learning about modular arithmetic and got confused with this question: Find the last two digits of ""eqx135eqx"" (nine 9s). The phi function is supposed to be used in this problem and so far this is what I've got: ""eqx136eqx"" Where ""eqx137eqx"" ""eqx138eqx"" In order to know ""eqx139eqx"", we need to know ""eqx140eqx"" As ""eqx141eqx"", we get ""eqx142eqx"" ""eqx143eqx"""
B.24	"work out the ""eqx172eqx"" ""eqx173eqx"" ""eqx174eqx"" ""eqx175eqx"" ""eqx176eqx""  ""eqx177eqx"" ""eqx178eqx"" ""eqx179eqx"" ""eqx180eqx"" ""eqx181eqx"" Can we solve ""eqx182eqx"" in another way?"
B.25	"If ""eqx196eqx"", then ""eqx197eqx"" for the same reason. But when ""eqx198eqx"", we have that ""eqx199eqx"" does not converge into an integer. So I think ""eqx200eqx"" cannot be a polynomial."
B.26	"I am trying to show that the following integral is convergent but not absolutely. ""eqx203eqx""  My attempt:  I first obtained the taylor series of ""eqx204eqx"" which is as follows:   ""eqx205eqx""  Now ""eqx206eqx"" and I got stuck here! What is the next step?"
B.27	"What is the value of ""eqx207eqx""?"
B.28	"If ""eqx213eqx"", then what is ""eqx214eqx""?"
B.29	"This completely stumped them and I was unable to get an answer. After doing some theoretical calculation, knowing that ""eqx238eqx"", I calculated that a complex number such as ""eqx239eqx"" since  ""eqx240eqx""  using properties utilized with real numbers that would state that ""eqx241eqx"" since ""eqx242eqx"" Is this theoretical calculation correct or is there more to the concept than this?"
B.30	"""eqx244eqx""Find ""eqx245eqx"": ""eqx246eqx"" ""eqx247eqx"" ""eqx248eqx"" ""eqx249eqx"" Please help me solve this question."
B.32	"When we introduce a ""definition"" in a first order logical system. For example when we say  Define: ""eqx262eqx""  Isn't that definition itself an ""axiom"", call it a definitional axiom. I'm asking this because the one place predicate symbol Empty() is actually new, it is not among the listed primitives of say Zermelo, which has only identity and membership as primitive symbols."
B.33	"Given a physical quantity represented by a function ""eqx264eqx"" what is (if there is any) the actual meaning of the third derivative of ""eqx265eqx"", ""eqx266eqx"" or ""eqx267eqx"""
B.34	"I have modified the question accordingly. An extension would define ""eqx278eqx"" for each ""eqx279eqx"" which satisfies the recursive definition of the notation. Edit 2: Okay, turns out ""eqx280eqx"" isn't correct either, as this would imply ""eqx281eqx""."
B.35	"I know this question may sound naïve but why can't we write ""eqx290eqx"" as ""eqx291eqx""? The former does not have an antiderivative, while the latter has."
B.36	"Assuming that ""eqx292eqx"" holds, using the list of statements proven earlier to hold or derived by us during the proof, we arrive to P being ""eqx293eqx"". ""eqx294eqx"" ""eqx295eqx"" We can therefore add P to the list of our proven statements, because it was derived. Most of the proofs contain something in the lines of ""the obtained contradiction proves that our initial assumption (""eqx296eqx"") was wrong and so ""eqx297eqx"" holds""."
B.37	"Are there real-valued functions ""eqx303eqx"" and ""eqx304eqx"" which are neither each other's inverses, the identity, nor linear, yet exhibit the behaviour ""eqx305eqx"" Examples such as ""eqx306eqx"" and ""eqx307eqx"" are ""trivial"" in this sense. Moreover, given a function ""eqx308eqx"", can one go about obtaining an example of a function ""eqx309eqx"" which commutes with ""eqx310eqx""?"
B.38	"Some years ago I saw the ZFC axioms for the first time, but now that I am in college, and although the stuff I've been taught so far is nowhere near ZFC (in terms of difficulty), it happened to me that we use the axiom of choice all the time in every module, even if we don't know it by name yet. For example, in the proof that, for every non-negative integers ""eqx318eqx"", there exist integers ""eqx319eqx"" (with the known restrictions on r), and the proof starts like this: ""eqx320eqx"" the largest integer ""eqx321eqx""... blah blah blah. Is it the axiom of choice that allows us to execute this simple yet so important step?"
B.40	"Basically there should not be any higher power of x failing which the graph of the function will not be a straight line. simillarly ""eqx329eqx"" is also called linear differential equation because all the derivatives have power equal to 1 which is similar to the above definition of a linear equation. A function f is called linear if: ""eqx330eqx"" and ""eqx331eqx""."
B.41	"In the book it is given if A and B are two finite sets containing ""eqx333eqx"" and ""eqx334eqx"" elements, respectively, then the number of onto functions from A to B will be if  ""eqx335eqx""  ""eqx336eqx"" well I can't understand it and I am aware with combinations."
B.43	"I am trying to prove  ""eqx340eqx"" Letting ""eqx341eqx"" we recall the Fourier series for the exponential function ""eqx342eqx"" Plugging in ""eqx343eqx"" ""eqx344eqx"" ""eqx345eqx"" ""eqx346eqx"" ""eqx347eqx"" But that is nowhere near to correct."
B.44	"Let ""eqx350eqx"" be the group ""eqx351eqx"" of nonsingular matrices. Let ""eqx352eqx"", the order of ""eqx353eqx"" is ""eqx354eqx""; Let ""eqx355eqx"", the order of ""eqx356eqx"" is ""eqx357eqx""."
B.45	"Prove that {""eqx362eqx""} is independent in ""eqx363eqx"" my trial : we know that the Wronsekian shouldn't be ""eqx364eqx"" to get the trivial solution and thus they are independent."
B.46	"Suppose ""eqx368eqx"" is a Lebesgue integrable function on""eqx369eqx"" which satisfies ""eqx370eqx"" , prove ""eqx371eqx"""
B.47	"Prove that for a given prime ""eqx399eqx"" and each ""eqx400eqx"", there exists a ""eqx401eqx"" such that ""eqx402eqx"""
B.48	"I'm trying to show the following:   If ""eqx426eqx"", then ""eqx427eqx"" for all ""eqx428eqx"" So, far I've tried a few things, but nothing seems to stick."
B.50	"Divergent series ""eqx459eqx"""
B.51	"Prove that ""eqx468eqx"" what i try ""eqx469eqx"" ""eqx470eqx"" coefficient of ""eqx471eqx"" in  ""eqx472eqx"" How do i solve ithelp me plesse"
B.52	"There are two parts I am having trouble getting started. A. Prove that ""eqx477eqx"" are each at least ""eqx478eqx"" then ""eqx479eqx"" is not divisible by any numbers ""eqx480eqx"". B. Prove that the truth of the negation leads to a contradiction."
B.53	"This happens when the ""eqx499eqx"" and ""eqx500eqx"" are not square matrices (in which case they do not even form a group under multiplication). However if we restrict the square matrices, ""eqx501eqx"". What is simple proof of this that avoids chasing the entries, and makes use simply the vector space structure of linear transformations?"
B.54	"Any tips or solutions for this one? By using a diagonal argument, show that the powerset ""eqx503eqx"" is uncountable."
B.55	"""eqx504eqx""?"
B.56	"Let ""eqx509eqx"" be a nonempty set of natural numbers. Is the following formula ""eqx510eqx"" true or false on ""eqx511eqx""? I know the answer to this question, but what would be the shortest way to arrive to the conclusion using some deduction system?"
B.57	"I know that given ""eqx512eqx"", a compact subset of ""eqx513eqx"", and ""eqx514eqx"", a continuous injective (one-to-one) function, ""eqx515eqx"" is continuous on ""eqx516eqx"". (This true)."
B.58	"Exercise 1. Prove that  ""eqx525eqx""  Thanks."
B.59	"I am looking for multiple proofs of that statement: here ""eqx527eqx"" denotes the Euler’s totient  ""eqx528eqx""  Here’s one: By unique factorisation theorem: ""eqx529eqx"" and ""eqx530eqx"" where ""eqx531eqx"" so:  ""eqx532eqx"""
B.60	"Q) Let, ""eqx533eqx"" , ""eqx534eqx"". Then ""eqx535eqx"" (A) equals ""eqx536eqx"" (B) does not exist (C) equals ""eqx537eqx"" (D) equals ""eqx538eqx""  My Approach :- I am not getting a particular direction or any procedure to simplify ""eqx539eqx"" and find its value when n tends to infinity. So, I tried like this simple way to substitute values and trying to find the limiting value :- ""eqx540eqx""  =""eqx541eqx"" =0.009*..."
B.62	"Here's the full question: Let ""eqx559eqx"" denote the set of rational numbers and ""eqx560eqx"" denote the set of integers. Prove that ""eqx561eqx"". I thought about saying that every element in ""eqx562eqx"" can be written as some element in ""eqx563eqx"", but I still don't know how to prove that that is a bijection, or even how to prove that ""eqx564eqx""."
B.63	"For any two positive integers ""eqx568eqx"", the relationship between their greatest common divisor and their least common multiple is given by ""eqx569eqx"" If I have a set of ""eqx570eqx"" positive integers ""eqx571eqx"", does the same relationship hold? Is it true that ""eqx572eqx"" I feel like this should be easy to prove, but I'm struggling to get a handle on it."
B.64	"Suppose that ""eqx573eqx"" is continuous and that ""eqx574eqx"". Prove that there exists a point ""eqx575eqx"" satisfying ""eqx576eqx""."
B.65	"How can we show that ""eqx600eqx"" for all ""eqx601eqx""? Applying ""eqx602eqx"" to both sides yields that ""eqx603eqx"" should be equivalent to ""eqx604eqx"" So, if I did no mistake, it should suffice to show ""eqx605eqx"" for all ""eqx606eqx""."
B.66	"if ""eqx610eqx"" and ""eqx611eqx"" is it possible to justify that ""eqx612eqx""?"
B.67	"If A is a ""eqx613eqx"" matrix,B is a ""eqx614eqx"" matrix and C is a ""eqx615eqx"" matrix prove that: ""eqx616eqx"" O is the matrix that all it's elements are equal to zero. I know some rules for calculating determinants but I don't know how to begin in this question."
B.68	"Prove ""eqx620eqx"" is divisible by ""eqx621eqx"" if ""eqx622eqx"" is odd: We know ""eqx623eqx"" cannot be ""eqx624eqx"" and the ""eqx625eqx"". Since ""eqx626eqx"" must be odd, we can rewrite ""eqx627eqx"" as ""eqx628eqx""."
B.69	"So I was assigned this homework problem: ""eqx637eqx"" for all s and all ""eqx638eqx"" I've tried to email both my professor and my TA and their explanations seem contradictory. My professor responded saying the statement I need to prove is ""The formula is correct for ""eqx639eqx""."""
B.70	"Let ""eqx641eqx"" and ""eqx642eqx"". I need to prove the following: ""eqx643eqx"" I tried to use Euler formula and then sum the first ""eqx644eqx"" terms of the geometric serie I get, but it didn't work. Any ideas?"
B.71	"Show, with induction that ""eqx646eqx"" My attempt Case 1: n = 1 ""eqx647eqx""  ""eqx648eqx"" Case 2: n = p ""eqx649eqx"" ""eqx650eqx"" Case 3: n = p + 1 ""eqx651eqx"" ""eqx652eqx"" Now to show this with induction I think i need to show that ""eqx653eqx"" ""eqx654eqx"" So I need to rewrite  ""eqx655eqx""to be equal to ""eqx656eqx"""
B.73	"This are the doubts I have about the demonstration, the which I hope someone can clarify. Prove that ""eqx663eqx"". We will use the following equality, and call it ""eqx664eqx"":  ""eqx665eqx"" (?-1)"
B.74	"Show that the image of the function ""eqx689eqx"", ""eqx690eqx"" is the interval ""eqx691eqx"". If ""eqx692eqx"", then ""eqx693eqx""."
B.75	"I'm unsure how to show  that for each integer ""eqx697eqx"", ""eqx698eqx"". Looking at the solutions it starts with ""eqx699eqx"" ""eqx700eqx"" ""eqx701eqx"" but not sure how this is a logical step."
B.76	"The problem is the following:  Let ""eqx703eqx"" where ""eqx704eqx"" and ""eqx705eqx"". Suppose we have a collection of such sets   ""eqx706eqx""   satisfying: ""eqx707eqx"" Show whether it is always possible to extract a finite   ""eqx708eqx"" s.t. ""eqx709eqx""  Unfortunately, I seem to have forgotten a lot of my elementary algebra... Nevertheless, I have attempted something: Let ""eqx710eqx"" be the set of primes."
B.77	"Show that the relation ""eqx727eqx"" is a consequence of the distributive law. This question is the first problem from 'Number Theory for Beginners"" by Andre Weil."
B.79	"Rudin in Real and Complex Analysis uses this in a proof near the beginning of chapter 9:  ""eqx739eqx"" for all real ""eqx740eqx""  Why is this true? Edit: I believe ""eqx741eqx"" is real"
B.80	"Just start out with the least elements. ""eqx743eqx"" In other words, first comes ""eqx744eqx"", then comes ""eqx745eqx""."
B.81	"Let ""eqx752eqx"" be an infinite set. Proposition 1:   For any ""eqx753eqx"", there exists an injection from ""eqx754eqx"" to ""eqx755eqx"". (1) Since ""eqx756eqx"", there exists ""eqx757eqx""."
B.82	"Let ""eqx800eqx"" be the area under the curve for ""eqx801eqx"" in the interval ""eqx802eqx"" ""eqx803eqx"" Now there must exist a function, ""eqx804eqx"" such that:   ""eqx805eqx"" Substituting the value of ""eqx806eqx"": ""eqx807eqx"" Using t substitution: Let ""eqx808eqx"" Then: ""eqx809eqx"" And:  ""eqx810eqx"" Changing the limits: ""eqx811eqx"" ""eqx812eqx"" becomes ""eqx813eqx"" ""eqx814eqx"" becomes ""eqx815eqx"" Substituting in the definite integral: ""eqx816eqx"" But Definite Integral where the lower and upper bounds are the same is ""eqx817eqx"". So: ""eqx818eqx"", which is not possible."
B.83	"With that in mind, he gave us a sequence to chew on before we learn more about boundedness. That sequence is: ""eqx819eqx"" I know that a sequence is bounded above if there is a number ""eqx820eqx"" such that ""eqx821eqx"" for all ""eqx822eqx""."
B.84	"I've : ""eqx825eqx"" is not a principal ideal in ""eqx826eqx"" where p is prime. My question :   Is ""eqx827eqx"" a principal ideal in ""eqx828eqx"" where p is not a prime?"
B.85	"I tried to first find the possibility that this bug reaches ""eqx839eqx"" as the number of steps goes to infinity. The recurrence equation I find is ""eqx840eqx"", where ""eqx841eqx"" is the possibility for the bug starting at position ""eqx842eqx"" to reach ""eqx843eqx"". We also have the boundary condition ""eqx844eqx""."
B.86	"Problem: Is it true that ""eqx849eqx"" My start of solution: ""eqx850eqx"" I think this upper bound is way too large and I can't seem to find a solution."
B.87	"If  ""eqx853eqx"" , is it true that ""eqx854eqx"" ? I have been able to prove that this holds for ""eqx855eqx"" , ""eqx856eqx"", and ""eqx857eqx"" using the following lemma:"
B.88	"Is the polynomial  ""eqx882eqx""  reducible over  ""eqx883eqx""?"
B.89	"Is there any known complete parametrization of the Diophantine equation ""eqx884eqx"" where ""eqx885eqx"" are (positive) rational numbers, or equivalently, integers?"
B.90	"By definition, if ""eqx886eqx"" is a ""eqx887eqx"" matrix, an inverse of ""eqx888eqx"" is an ""eqx889eqx"" matrix ""eqx890eqx"" with the property that: ""eqx891eqx""  where ""eqx892eqx"" is the ""eqx893eqx"" identity matrix. Are there any cases where ""eqx894eqx"" but ""eqx895eqx"" or the other way around (and thus making (1) a false statement) ?"
B.92	"This is all I could infer so far. With respect to the above, I tried looking at ""eqx931eqx"" or ""eqx932eqx"" in ""eqx933eqx"" for some prime number ""eqx934eqx"" but I have trouble determining whether the quotient is a field or not."
B.93	"Let ""eqx937eqx"" matrix on ""eqx938eqx"" size ""eqx939eqx"". How can I prove that ""eqx940eqx"" if ""eqx941eqx"" and ""eqx942eqx"" are singular matrix"
B.94	"Question: Are there ""eqx944eqx"" sets of natural numbers such that each two have finite intersection. From what I've read about infinite families, I need to ignore those who have the properpty ""eqx945eqx""."
B.95	"The problem:  Defining ""eqx950eqx"" as the leg ""eqx951eqx"" of a right triangle with ""eqx952eqx"" (in radians) and hypotenuse ""eqx953eqx"", prove that ""eqx954eqx""  (The motivation is to find the derivative of ""eqx955eqx"" in a elementary, ""pre-Taylor"" and ""pre-series"" context). I have seen many times a proof that it is based in the fact that the length of the arc ""eqx956eqx"" satisfies ""eqx957eqx"" or sometimes ""eqx958eqx"" The lower bound is clear because the ""eqx959eqx"" is the length of a straight segment and ""eqx960eqx"" is the length of a curved segment with the same endpoints."
B.96	"Let ""eqx975eqx"" be a convergent sum with positive ""eqx976eqx"". Does ""eqx977eqx"" always diverge?"
B.97	"I feel like the answer should be infinity, because if the dimension was finite, say ""eqx992eqx"", then for every ""eqx993eqx"" real numbers  ""eqx994eqx"" there was a linear combination with rational coefficients that gives ""eqx995eqx"": ""eqx996eqx"". Multiplying by ""eqx997eqx"" we get that for every ""eqx998eqx"" real numbers there is a linear combination with natural coefficients that gives ""eqx999eqx"". That feels false, how do you prove it?"
B.98	"I need to prove that, for all ""eqx1006eqx"", the set ""eqx1007eqx"" is dense in ""eqx1008eqx"". First, I can write ""eqx1009eqx"" by ""eqx1010eqx"" So, I can write ""eqx1011eqx"", ""eqx1012eqx"" by ""eqx1013eqx"" I need to prove that, for all ""eqx1014eqx"" and for all ""eqx1015eqx"", every neighborhood ""eqx1016eqx"" of ""eqx1017eqx"" contains a point ""eqx1018eqx"" such that ""eqx1019eqx"" for some ""eqx1020eqx""."
B.201	"I want to see if there is any elementary way to prove the following assertion about matrices over division rings (such as not using Wedderburn's theory or tensoring techniques). If an ""eqx1eqx"" matrix over a division ring has left inverse, then it also has right inverse. The assertion has elementary proof for matrices over fields, but I am considering over division rings."
B.202	"Some Background and Motivation: In this question, it is shown that an integral domain ""eqx2eqx"" such that ""eqx3eqx"", ""eqx4eqx"" and ""eqx5eqx"" fields with ""eqx6eqx"" finite, is itself a field. However, a significantly more general result holds and seems worthy, of independent address; hence, Let ""eqx7eqx"" be fields with ""eqx8eqx"" if ""eqx9eqx"" is a ring such that ""eqx10eqx"" show that ""eqx11eqx"" is in fact a field."
B.203	"Why does the subtraction symbol go away? ""eqx12eqx"""
B.204	"I know the definition of ""the locally closed subscheme of ""eqx23eqx"" where two ""eqx24eqx""-  morphisms ""eqx25eqx"" agree"" from its universal property. Also I can define it as the fiber product of the diagonal ""eqx26eqx"" with ""eqx27eqx"" My question:  how to prove that the underlying set of ""the locally closed subscheme where the two morphisms agree"" is the same as the set of points where the two morphism agree on the residue field. It is probably clear thatthe former is contained in the latter, but why is it all of them?"
B.205	"Here, n $\in$ I.  One solution will remain x=n But i want to find if any more solutions can exist ""eqx30eqx"""
B.206	"I'm confused on the limit of ""eqx33eqx"""
B.207	"I am working on this problem to find a function ""eqx37eqx"" s.t. ""eqx38eqx"" where ""eqx39eqx"" means that given functions ""eqx40eqx"" and ""eqx41eqx"", we have ""eqx42eqx"". For instance, given the right hand side of the equation above, on input ""eqx43eqx"" we have the following (it's a divergent series) ""eqx44eqx"" The closest function I can think of are the binomials where: ""eqx45eqx"" But it doesnt really equal the first equation above."
B.208	"@Claude Leibovici's answer to this Math Stack Exchange question (it's the second answer) gives an asymptote for the generalised harmonic number ""eqx47eqx"": ""eqx48eqx"" Heuristically, this is an excellent fit. But can someone please tell me if this is a published result, and more importantly how it is derived?"
B.209	"Evaluate the definite integral: ""eqx49eqx"""
B.210	"what's an elegant way to show that ""eqx52eqx""?"
B.211	"""eqx58eqx"""
B.212	"I've been given the function ""eqx70eqx"" And I have to evaluate ""eqx71eqx"" so find the value of ""eqx72eqx"" I would appreciate any help with this as I am pretty lost."
B.213	"Calculate ""eqx73eqx"""
B.214	"Show that ""eqx75eqx"""
B.215	"Now as the set of discontinuities of any arbitrary functions can be written as a countable union of closed sets. So let ""eqx88eqx"" be the set of discontinuities of ""eqx89eqx"", then we can write ""eqx90eqx"" where all the ""eqx91eqx"" are closed set. Now suppose that for ""eqx92eqx"" the set ""eqx93eqx"" is not nowhere dense then there exists an open interval ""eqx94eqx"" such that for any interval ""eqx95eqx"" in that open interval ""eqx96eqx"" we have ""eqx97eqx"" and hence ""eqx98eqx"" is dense in the open interval ""eqx99eqx"" and as ""eqx100eqx"" is closed so it contains the interval ""eqx101eqx"" and hence ""eqx102eqx"" is entirely discontinuous on the open interval ""eqx103eqx"", but as the derivative of an everywhere differentiable function cannot be entirely discontinuous on an interval, so a contradiction."
B.216	"Compute the limit ""eqx104eqx"""
B.217	"Here's the question- Find the maximum area of an isosceles triangle inscribed in the ellipse ""eqx130eqx"". My teacher solved it by considering two arbitrary points on the ellipse to be vertices of the triangle, being ""eqx131eqx"" and ""eqx132eqx""."
B.218	"Wrt Ramsey numbers I have the following identity given to me: ""eqx135eqx"" And i have the following bases cases: ""eqx136eqx"" and ""eqx137eqx""."
B.219	"I am trying to prove the following identity using a a combinatorial argument: ""eqx139eqx"""
B.220	"How can i prove the identity ""eqx140eqx"""
B.221	"As a simple example we can write any positive integer ""eqx157eqx"" in the form ""eqx158eqx"" where ""eqx159eqx"" (""eqx160eqx"" is just the leading digit in the binary expansion of ""eqx161eqx""), which gives ""eqx162eqx"". If we write ""eqx163eqx"" then iterating this gives something like ""eqx164eqx"" This gives an upper bound growing something like ""eqx165eqx"" which I think is pessimistic."
B.222	"In how many ways can these assignments be done? I know that for each section (A,B,C,D) I should add a () and as long as every section must get a new employee we should start like this: ""eqx174eqx"" then if we look  it's ""eqx175eqx""."
B.223	"combinatorial proof that ""eqx176eqx"""
B.224	"According to the ""eqx198eqx""-""eqx199eqx"" definition of continuity, if I take ""eqx200eqx"" as any positive number smaller than ""eqx201eqx"", then ""eqx202eqx"" by definition is continuous at ""eqx203eqx"" because within the ""eqx204eqx""-neighborhood there is only one point defined, but ""eqx205eqx"" is obviously not continuous at ""eqx206eqx"". Below is the ""eqx207eqx""-""eqx208eqx"" definition of continuity: The function ""eqx209eqx"" is continuous at a point ""eqx210eqx"" of its domain if for every positive ""eqx211eqx"" we can find a positive number ""eqx212eqx"" such that ""eqx213eqx"" for all values ""eqx214eqx"" in the domain of ""eqx215eqx"" for which ""eqx216eqx""."
B.225	"What's the best approach to this problem? I tried using Vieta's formulas, where the sum of three roots of (1) and (2) are: ""eqx221eqx"" ""eqx222eqx"" Summing both, ""eqx223eqx"" Assuming there is only one root for each of (1) and (2), we are done, but what if there isn't?"
B.226	"Parametrization of the curve ""eqx224eqx"""
B.227	"So, I'm not a big expert in this subject but I know ""eqx236eqx"" isn't to do with 'real' maths but it's all to do with the zeta function; however I was watching a maths video and the equation: ""eqx237eqx"" ... is actually a perfect equation for the series ""eqx238eqx"" etc."
B.228	"Let be   ""eqx250eqx"" Find the integral ""eqx251eqx"" I tried exploring f(x), took it in parts, got that it converges. F(x,y) is difficult to investigate, since the product of integrals is there, I don't know what to do with it."
B.229	"The integral given is: ""eqx252eqx"" where  ""eqx253eqx"" represents the fractional part of ""eqx254eqx"" I first tried breaking it using a piecewise definition but I couldn't figure out how to do it as there wasn't any consistent pattern that I could spot."
B.230	"So I went through the definition of Ramsey number and I have a basic question. Definition: For any given number of colours, ""eqx256eqx"", and any given integers ""eqx257eqx"", there is a number, ""eqx258eqx"", such that if the edges of a complete graph of order ""eqx259eqx"" are coloured with c different colours, then for some i between 1 and c, it must contain a complete subgraph of order ni whose edges are all colour i. Question: Is the multicolour Ramsey number ""eqx260eqx""same as ""eqx261eqx""or any other permutation of""eqx262eqx""? The definition seems to imply so, I just want to verify if I'm thinking right."
B.231	"Shouldn't this be similar to this case? ""eqx265eqx"" Aren't ""eqx266eqx"" and ""eqx267eqx"" equal to the same value in this context? What am I missing here?"
B.232	"I'm getting confused between 2 variants of definition of induced matrix norm. Given a norm ""eqx268eqx"" on ""eqx269eqx"", the induced matrix norm is defined by ""eqx270eqx""  I'm trying to deduce the second variant from this definition i.e. ""eqx271eqx"" Consider ""eqx272eqx"" where ""eqx273eqx"" and ""eqx274eqx"". Therefore, ""eqx275eqx"" I don't know how to continue from here on."
B.233	"Motivation for defining tangent vectors with derivations and why they should act on ""eqx281eqx"""
B.234	"Let ""eqx297eqx"" be a polynomial. According to Sard's theorem, the image ""eqx298eqx"" of the set of critical values  ""eqx299eqx"" has measure zero. What if I want to show that the set ""eqx300eqx"" itself has measure zero in the domain of ""eqx301eqx""?"
B.235	"Method for solving Diophantine equation ""eqx302eqx"""
B.236	"According to references (e.g. Wikipedia and elsewhere), the Dirichlet distribution, parametrized by ""eqx310eqx"", is ""eqx311eqx"" where ""eqx312eqx"" So, if ""eqx313eqx"" and ""eqx314eqx"" then this gives ""eqx315eqx"" where ""eqx316eqx"" so, ""eqx317eqx"" for all ""eqx318eqx""."
B.237	"I want to rewrite the following types of propositions without the simple or double implication:  ""eqx332eqx"" ""eqx333eqx"" ""eqx334eqx"" So we have to write these propositions without any implication, for example the first proposition like ""eqx335eqx"" or is something else meant?"
B.238	"So ""if ""eqx347eqx"" is reflexive, symmetric and transitive, then ""eqx348eqx"" is an equivalence relation"" Now working our intuition for equivalence relation ""eqx349eqx"" we note the following. Let ""eqx350eqx"" be an equivalence relation on a set A, then for ""eqx351eqx"" we have,  ""eqx352eqx"" (by the intuitive knowledge of what ""eqx353eqx"" means) if ""eqx354eqx"" then ""eqx355eqx"" (by the intuitive knowledge of what ""eqx356eqx"" means) if ""eqx357eqx"" and ""eqx358eqx"" then ""eqx359eqx"" (by the intuitive knowledge of what ""eqx360eqx"" means) Now we see that (1) implies ""eqx361eqx"" is reflexive, (2) implies that ""eqx362eqx"" is symmetric and (3) implies that ""eqx363eqx"" is transitive."
B.239	"Let ""eqx368eqx"" be a symmetric, transitive relation. If ""eqx369eqx"" then the symmetric property implies that ""eqx370eqx"". Using the the transitive property upon ""eqx371eqx"" and ""eqx372eqx"" we can conclude ""eqx373eqx""."
B.240	"In bhaskar, the way to get the result, is to get the ""eqx374eqx"", and then the ""eqx375eqx"". But from where come these constants?"
B.241	"Divisibility of ""eqx376eqx"""
B.242	"Show that for all prime numbers ""eqx384eqx"" greater than ""eqx385eqx"", ""eqx386eqx"" divides ""eqx387eqx"" evenly. Since ""eqx388eqx"" we have that ""eqx389eqx"", where ""eqx390eqx"" Now since ""eqx391eqx"" and the numerator contains always at least one even factor(?) we have that ""eqx392eqx"" Is my reasoning here correct or am I missing something here?"
B.243	"If ""eqx393eqx"" then ""eqx394eqx"""
B.244	"Let ""eqx404eqx"" be a an Equivalence relation on ""eqx405eqx"" defined by: ""eqx406eqx"" What is the cardinality of ""eqx407eqx""?   where ""eqx408eqx"" is the quotient set of ""eqx409eqx"" under ""eqx410eqx""."
B.245	"That is ""eqx411eqx"" where ""eqx412eqx"""
B.246	"So, ""eqx423eqx"". Then we get ""eqx424eqx"" Not sure quite how to proceed from there- using double and triple angle formulae doesn't seem to work"
B.247	"What are the co-ordinates of points ""eqx432eqx"" and ""eqx433eqx""? I came this far: point ""eqx434eqx"" on circle ""eqx435eqx"" has the coordinates ""eqx436eqx"", ""eqx437eqx"". Now I should use this to find points ""eqx438eqx"" and ""eqx439eqx"", but I don't know how to proceed."
B.248	"Let ""eqx442eqx"" be an abelian group with even order and ""eqx443eqx"". It is easy to show that ""eqx444eqx"" is a sugroup of ""eqx445eqx"" and the number of elements of ""eqx446eqx"" must be a power of ""eqx447eqx""."
B.249	"I have to show that the following group ""eqx466eqx"" with its operation ""eqx467eqx"", which is defined through ""eqx468eqx""  for every ""eqx469eqx"" is an abelian group. In order to do that one have only to show that the group is commutative."
B.250	"How to show ""eqx470eqx"""
B.251	"I've been trying to solve this for hours, but I just can't seem to do it. And yes, I know I have to show that ""eqx480eqx"" from the starting assumption that ""eqx481eqx"". Any hints would be highly welcome."
B.252	"- Julian Havil, Gamma: Exploring Euler's Constant. It is well-known, especially in 'pop math,' that ""eqx484eqx"" Euler's proof of which is quite nice. I would like to know where else this constant appears non-trivially."
B.253	"How would I show the result below using contour integration? ""eqx496eqx"" where a>b>0 using contour integration. Any help would be greatly appreciated, thanks!"
B.254	"Can I get some hints on how to solve this integral? ""eqx497eqx"""
B.255	"This is the first time I came across the problem of finding integral of ""eqx499eqx"". I have a joint distribution ""eqx500eqx""  where $""eqx501eqx"" $ I attempted to find ""eqx502eqx"" as follows:  \begin{align*} f_X(x) &\propto \int_{-\infty}^\infty e^{13xy - 94x^2 - \frac{1}{2}y^2}{\rm d}y\\ &\propto \int_{-\infty}^\infty e^{-\frac{1}{2}(y - 13x)^2 - \frac{19x^2}{2}}{\rm d}y\\ &\propto \frac{1}{e^{\frac{19x^2}{2}}} \int_{-\infty}^\infty e^{-\frac{u^2}{2}}{\rm d}u \end{align*} where ""eqx504eqx"""
B.256	"I am learning about limits and there is something that I cant quite understand: If we have the function:  ""eqx507eqx""  Let's say that we want to see which value for y (image) the function approaches as x (domain) gets closer to 1. On a nutshell, we have to take this following limit:  ""eqx508eqx"" As soon as we look to this function, we realize that the function is not continuous at x = 1 (By the way, can I say that?)."
B.257	"I was sitting in analysis yesterday and, naturally, we took the limit of some expression. It occurred to me that ""taking the limit"" of some expression abides the rules of a linear transformation ""eqx511eqx"" and (my group theory is virtually non existent) appears also to be a homomorphism: ""eqx512eqx"" etc. Anyway, my real question is, what mathematical construct is the limit?"
B.258	"How to prove ""eqx513eqx"" ? (k is any positive number)"
B.259	"For every finite case, I can find a ""eqx528eqx"" where ""eqx529eqx"", so why is this true? ""eqx530eqx"" From the finite cases it seems like ""eqx531eqx"" grows faster because we can find a ""eqx532eqx"" to match it at any ""eqx533eqx""."
B.260	"The limit I need to calculate is ""eqx534eqx"". Using polar coordinates I get: ""eqx535eqx""."
B.261	"Show that ""eqx540eqx"""
B.262	"The negative part of ""eqx550eqx"", denoted by ""eqx551eqx"" is given by expression $$a^- = \text{if } a\geq 0 \text{ then $0$ else } -a$$ Both ""eqx553eqx"" and ""eqx554eqx""  are non negative and the following relationship hold ""eqx555eqx"" Above is the text from my compiler optimization book and I cannot understand the relationship explained. How can ""eqx556eqx"" be a real number and have positive and negative parts?"
B.263	"It pertains more to the mathematical side of things, and I am specifically interested in the interplay between the concepts on the syntactic and semantic level. As far as I can tell, any rule of inference can be 'captured' by a corresponding material conditional: if we take modus ponens as a well-known example, what is the difference between ""eqx558eqx"" and ""eqx559eqx"" On a functional level, both statements seem to be expressing the same thing. What determines the need to use two separate terms and notations, and what, if anything, separates them?"
B.264	"While performing some arithmetic operations, i am stuck at one point. I want to know is it possible to write (""eqx560eqx"" as (""eqx561eqx""?"
B.265	"How to show that ""eqx562eqx"" in this situation cannot be an integer"
B.266	"The iteration terminates when you arrive at a proper fraction (numerator ""eqx580eqx"" denominator) or an integer. I'll ""define"" this process via sufficiently-complicated example: ""eqx581eqx""  Does this process always terminate? For which ""eqx582eqx"" does this process, with initial iterate ""eqx583eqx"", terminate at ""eqx584eqx""?"
B.267	"I'm wondering if it is the case for Lagrange duality, and I'm having a hard time showing this. Notationally, let the primal problem be: ""eqx585eqx"" ""eqx586eqx"" And the dual be: ""eqx587eqx"" ""eqx588eqx"" Where ""eqx589eqx"" is the Lagrangian. I suspect it isn't true in general that the dual of dual is the primal."
B.268	"If ""eqx590eqx"", find the expected value of ""eqx591eqx"""
B.269	"What is the probability that both the children are boys. So for this we build the sample space ""eqx595eqx"" Let our event E be the case where both children are boys ""eqx596eqx"" Let the conditional be F ""eqx597eqx"" Hence ""eqx598eqx"" But the answer in my book is given as ""eqx599eqx"" and I can't seem to understand why."
B.270	"What is the expected number of heads before that happens? Based on the link given in the comment, I have found it can be solved using the recursion ""eqx600eqx"" which is equivalent to ""eqx601eqx"". Is it correct?"
B.271	"Let ""eqx604eqx"" be a sequence of independent Gaussian random variables with ""eqx605eqx"" for all ""eqx606eqx"". Find the probability of the event ""eqx607eqx"" My first thought is that it should be 1 since Gaussians are always positive for a finite value."
B.272	"""eqx615eqx"" ""eqx616eqx"" ""eqx617eqx"" ""eqx618eqx"" ""eqx619eqx"" ""eqx620eqx"" or ""eqx621eqx"" Or ""eqx622eqx"" or ""eqx623eqx""  A lot of people will go through this line of reasoning (shown below) in order to justify why a and b can't both be negative. Considering that mathematicians define ""eqx624eqx"" or ""eqx625eqx"" ""eqx626eqx"" But this is only a specific instance where this property fails us."
B.273	"For questions like ""What is the 1/2th root of x would the answer be ""eqx629eqx""? My logic is that since ""eqx630eqx"" Which simplifies to ""eqx631eqx"". So as a general rule it could be ""eqx632eqx"""
B.274	"I prooved that the Dirac distribution ""eqx639eqx"" is in the Sobolev space ""eqx640eqx"" for every  ""eqx641eqx"" but I steel  wrestling to proof that the  Heaviside distribution ""eqx642eqx""  $\forall x \in \mathbb{R}, H(x)=\left\{\begin{array}{lll}{0} & {\text { si }} & {x<0} \\ {1} & {\text { si }} & {x \geq 0}\end{array}\right.$ Doesn't belong to any Sobolev space ""eqx644eqx"", could you elaborate on that?"
B.275	"How can I show that  ""eqx645eqx"" I know that can use the fact that, for ""eqx646eqx"",  ""eqx647eqx"" but I'm not sure how to begin."
B.276	"Let ""eqx648eqx"" and ""eqx649eqx"". Show that ""eqx650eqx""."
B.277	"This might be silly, but here it goes. Let ""eqx655eqx"" be positive real numbers that satisfy ""eqx656eqx"". Does there exist a sequence of positive real numbers ""eqx657eqx"" such that ""eqx658eqx""?"
B.278	"Is there a differentiable function such that ""eqx662eqx"" but ""eqx663eqx""?"
B.279	"Question: Suppose ""eqx670eqx"" has the property that ""eqx671eqx"" Show that ""eqx672eqx"". My approach: Let ""eqx673eqx"" be such that ""eqx674eqx"" Note that if we can show that ""eqx675eqx"", then we will be done."
B.280	"and I also see it a lot in my field, we do use derivatives with discontinuous functions. For instance in order to calculate the optimal amount of ripple adders so as to minimise the execution time of the addition process: ""eqx679eqx"" ""eqx680eqx"" ""eqx681eqx"" where ""eqx682eqx"" is the number of bits in the numbers to add, ""eqx683eqx"" is the amount of adders in ripple and ""eqx684eqx"" is the ""delta gate"" (the time that takes to a gate to operate). Clearly you can see that the execution time function is not continuous at all because ""eqx685eqx"" is a natural number and so is ""eqx686eqx""."
B.281	"Alternate methods to prove that ""eqx689eqx"" where ""eqx690eqx"""
B.282	"I have a question about ""eqx704eqx"" = ""eqx705eqx"" I know it can be proven with standard 1 variable analysis (working on Taylor series of ""eqx706eqx"" or something like that) or basic complex analysis. But someone told me it has also great prove using Functional Analysis."
B.283	"Given ""eqx708eqx"" and ""eqx709eqx"" for ""eqx710eqx"", determine whether ""eqx711eqx"" converges or diverges. Since ""eqx712eqx"",  it seems obvious that the sequence is strictly increasing and always positive because we are always adding a positive number to each subsequent element in the sequence."
B.284	"So, then is enough to prove following statement: For any ""eqx727eqx"" rational number ""eqx728eqx"" can be represented in decimal form such that it's digits, if there are infinitely many, are repeating. If this is true, then it is true for any ""eqx729eqx"" (""eqx730eqx"" times)."
B.285	"How to determine the formula of the sum of a series given its ""eqx731eqx""th-term formula like: ""eqx732eqx"" or ""eqx733eqx"""
B.286	"Let ""eqx736eqx"" be decreasing and positive. Then ""eqx737eqx"" converges implies ""eqx738eqx"". I think since ""eqx739eqx"" is positive, the only thing to do is to find an upper bound for the sequence."
B.287	"What is the closed form of ""eqx740eqx"""
B.288	"My question here is that does the series below also converge? ""eqx745eqx"" Loosely speaking, the sign changes every ""eqx746eqx"" terms. I'd be surprised if it doesn't converge."
B.289	"Find ""eqx766eqx"" general solution"
B.290	"Best method for proving that ""eqx772eqx"" is divisible by ""eqx773eqx"""
B.291	"So I have the two following series: ""eqx780eqx"" ""eqx781eqx"" I figured out the ""eqx782eqx""th partial products: ""eqx783eqx"" ""eqx784eqx"" So putting these back into my series they become the following: ""eqx785eqx"" Now this diverges as expected by the limit test test."
B.292	"I have tried using the ratio lemma to tackle this question and also the fact ""eqx794eqx"" and I haven't reached an answer. How should I go about solving this problem?"
B.293	"Summation ""eqx795eqx"" Properties"
B.294	"I am looking for a reference to answer the question in the title. Let me try to clarify a little what I mean: If a single sheaf ""eqx800eqx"" has a resolution ""eqx801eqx"" by not necessarily injective objects, then the usual cohomology of ""eqx802eqx"" is isomorphic to the hypercohomology of ""eqx803eqx"":  ""eqx804eqx"" Now, if one was starting with a complex of sheaves ""eqx805eqx"" and a ""resolution"" thereof, i.e. a complex of complexes ""eqx806eqx"", then one should touch on a concept that could be called hyper-hypercohomology."
B.295	"I need help with understanding how to solve this task, because I'm a bit lost at the moment. Use the powerseries  ""eqx807eqx"" to decide the sum of the series  ""eqx808eqx""    and ""eqx809eqx"" I don't understand how to manipulate the sums to use the power series of the function."
B.296	"We know that ""eqx811eqx"" which can be written out ""eqx812eqx"" but ""eqx813eqx"" isn't well defined."
B.297	"Any idea of where I can start. The statement is that Find all integers n that satisfies ""eqx814eqx"" where ""eqx815eqx"" is the Euler’s Phi function."
B.298	"I am struggling to understand the variable transformation of a Dirac delta function. More specifically, a transformation of the following type, ""eqx816eqx"" Here, ""eqx817eqx"" and ""eqx818eqx"" are constants. The specific relationship between ""eqx819eqx"" and ""eqx820eqx"" is, ""eqx821eqx"" where ""eqx822eqx"" is a non-zero, positive and smoothly varying function of ""eqx823eqx""."
B.299	"Prove ""eqx834eqx"" but without finding ""eqx835eqx"""
B.300	"So I supposed to find out if ""eqx837eqx"" is uniformly continuous on ""eqx838eqx"" So I have been thinking a lot."
B.301	"But I couldn't prove that. Edit: I would like to have a prove that do not use the information that ""eqx6eqx"" Usage of inequalities like Cauchy Schwartz or Holder is fine."
B.302	"How many solutions are there? Now my approach is simply taking the ""eqx17eqx""-th root which gives ""eqx10eqx"" However, it seems that this problem is asking us to show the existance of the ""eqx18eqx""-th root."
B.303	"Theorem- Up to isomorphism, the only noncommutative Lie algebra of dimension 2 is that with basis ""eqx20eqx"" and bracket determined by ""eqx21eqx"". I understand that all vector spaces of dimension 2 over the field ""eqx22eqx"" are isomorphic to each other."
B.304	"Is there an easy proof that a non-orientable real surface ""eqx38eqx"" does not admit a quasi-complex structure? The proof I know is to observe that any quasi-complex structure on a real surface ""eqx39eqx"" necessarily satisfies the integrability condition ""eqx37eqx"" of the Newlander-Nirenberg theorem, because ""eqx40eqx"" is a ""eqx41eqx""-dimensional complex vector bundle, and the bracket ""eqx42eqx"" is alternating, i.e. it vanishes on ""eqx43eqx"". So by the Newlander-Nirenberg theorem, ""eqx44eqx"" admits a complex structure, and complex manifolds have to be orientable."
B.305	"What will be the value of floor function of ""eqx45eqx"""
B.306	"I saw one of the expansions of Euler Mascheroni constant in terms of Meissel Mertens constant as a consequence of Mertens theorem. ""eqx51eqx"" This is that expansion. Now I don't understand why is it difficult to prove the irrationality of Euler Mascheroni constant."
B.307	"My question is: why is this true? In other words, why is it the case that there always exists an integer ""eqx59eqx"" coprime to ""eqx60eqx"" with ""eqx61eqx""?"
B.308	"I am having trouble understanding Riemann's definition of the zeta function, and I will need to give a brief summary here before I can get to my question. In his 1859 paper, Riemann derived the integral representation ""eqx62eqx"" that is valid for ""eqx66eqx"", and then modified the integral in order to define a function that is defined for all complex values of ""eqx67eqx"", except ""eqx68eqx"", where it has a simple pole. The extension is given by ""eqx63eqx"" where ""eqx69eqx"" is a ""Hankel contour"", that is, a path that travels from ""eqx70eqx"" at a small distance ""eqx71eqx"" above the positive ""eqx72eqx""-axis, circles around the origin once in counterclockwise direction with a small radius ""eqx73eqx"", and returns to ""eqx74eqx"" traveling at distance ""eqx75eqx"" below the positive real axis."
B.309	"First of all, consider the equation ""eqx92eqx"" over ""eqx93eqx"", where ""eqx94eqx"" is a prime such that ""eqx95eqx"". The book that I'm currently reading says that this equation has exactly one solution in ""eqx96eqx"" for every ""eqx97eqx"", because ""eqx98eqx"", but the book does not prove this. Unfortunately, this doesn't convince me enough."
B.310	"Finding positive integer solutions to ""eqx99eqx"""
B.311	"Given a function ""eqx101eqx"", what is ""eqx102eqx""?"
B.312	"Proving ""eqx112eqx"" for positive integer ""eqx113eqx"", ""eqx114eqx"", ""eqx115eqx"""
B.313	"Let ""eqx118eqx"", a finite abelian group and ""eqx119eqx"" with ""eqx120eqx"". Prove that ""eqx121eqx""."
B.314	"Suppose that you have an orthonormal basis ""eqx141eqx"" in a Hilbert space such that ""eqx142eqx"". Is this condition enough to prove that the closed span of ""eqx143eqx"" is ""eqx144eqx""?"
B.315	"First i want to show ""eqx155eqx"" is true ""eqx156eqx"" ""eqx157eqx"". H1: ""eqx158eqx"" ""eqx159eqx"" H2: ""eqx160eqx"" C: ""eqx161eqx"" is true ""eqx162eqx"" ""eqx163eqx"". ""eqx164eqx"" means ""eqx165eqx"" for some natural number $a$, then ""eqx167eqx"" for corollary 2.2.9."
B.316	"We have ""eqx192eqx"", ""eqx193eqx"", ""eqx194eqx"", ""eqx195eqx"", ""eqx196eqx"". I'm starting to believe that for ""eqx197eqx"" we have that ""eqx198eqx"" but is there a simple conceptual explanation for that (if true)?"
B.317	"""eqx199eqx"""
B.318	"How do you prove ""eqx206eqx"" for ""eqx207eqx"""
B.319	"We know ""eqx220eqx"" is a partially ordered set ""eqx221eqx"". Suppose ""eqx218eqx"" is a chain in ""eqx222eqx"". We can prove ""eqx223eqx"" is a countable set."
B.320	"So my integral is ""eqx242eqx"" To avoid confusion let me re-write the integral as ""eqx243eqx"" I started off with a trig-substitution that is let ""eqx247eqx"" and ""eqx248eqx"" which means that ""eqx249eqx"" So our integrand becomes ""eqx244eqx"" ""eqx245eqx"" Then using Integration by Parts,""eqx250eqx"" ""eqx251eqx"" and ""eqx252eqx"" ""eqx253eqx"" So our integrand thus becomes, ""eqx254eqx"" from ""eqx255eqx"" to ""eqx256eqx"" ""eqx246eqx"" From here, I don't know how to proceed further."
B.321	"Solve Equation ""eqx257eqx"" where ""eqx258eqx"" using Bézout"
B.322	"Now I want to calculate the sum of the sum of triangular numbers. Let's define ""eqx273eqx"" ""eqx274eqx"" ""eqx275eqx"" And I want an explicit formula for ""eqx278eqx""."
B.323	"I've tried a lot with the Euclidean Algorithm, but I still can't figure it out. Do you know how I can use the Euclidean Algorithm to find the inverse of ""eqx297eqx"" in ""eqx298eqx""? Thanks in advance!"
B.324	"I have been playing with the series which I had been calling the 'Double Basel problem' for the past couple of hours ""eqx299eqx"" After wrestling with this for awhile, I managed to generalize a result demonstrated here. This identity is: ""eqx300eqx"""
B.325	"How to find 100 consecutive composite numbers? After many attempts I arrived at the conclusion that to find ""eqx302eqx"" consecutive composite numbers we can use this ""eqx303eqx"" where ""eqx304eqx"" is divisible by ""eqx305eqx"", ""eqx306eqx"" is divisible by ""eqx307eqx"" and so on... and where ""eqx308eqx"" = ""eqx309eqx"" Thus ""eqx310eqx"" tells that there are ""eqx311eqx"" consecutive numbers. However, there seems to be some gaps or incompetence."
B.326	"There it is written that , ""Since every module is a homomorphic image of a free module, every projective module is a direct summand of free module"".(ie. if ""eqx317eqx"" is a  projective module, there exists a free module F such that, ""eqx318eqx"" for some module ""eqx319eqx"".) But I can't understand how ""Every module is a homomorphic image of a free module"" implies that ""Every projective module is a direct summand of free module""."
B.327	"The determinant of a ""eqx324eqx"" matrix ""eqx325eqx"" is the volume of a parallelopiped with its three sides as the vectors whose tails rest on origin and heads at the coordinates ""eqx326eqx"" and ""eqx327eqx"" ""eqx328eqx"". The determinant of this matrix can be simplified to ""eqx329eqx""."
B.328	"Proving ""eqx357eqx"""
B.329	"Consider ""eqx372eqx"" be a compact subset of a regular space and let ""eqx373eqx"" be an open set such that ""eqx374eqx"". Prove that there is an open set ""eqx375eqx"" such that ""eqx376eqx"". Let ""eqx377eqx"" which implies ""eqx378eqx""."
B.330	"Calculate the ""eqx393eqx""-th order determinant: ""eqx391eqx"" The answer is ""eqx394eqx"". If we add all the other columns to the first column, we get the first multiplicative factor of the answer, and are left with the following determinant: ""eqx392eqx"" How can we calculate this determinant to obtain the answer?"
B.331	"Finding roots of ""eqx395eqx"" by hand"
B.332	"Show that:""eqx402eqx"" My proof: Since ""eqx414eqx"", ""eqx415eqx"" is either composite or prime. If ""eqx416eqx"" is prime(i.e ""eqx417eqx"" where ""eqx418eqx"" is prime), then ""eqx403eqx"" This is because ""eqx419eqx"" is defined as least prime factor of n. If""eqx440eqx""is composite, by the Fundamental Theorem of Arithmetic: ""Any positive integer bigger than 1 can be expressed as a product of primes."" Let ""eqx420eqx"" be the smallest prime of the product ""eqx404eqx"" That is, pick ""eqx421eqx""."
B.333	"In polar coordinates ""eqx452eqx"" becomes ""eqx453eqx"" where ""eqx454eqx"". Prove that ""eqx455eqx"" has a density given by ""eqx447eqx"" And is uniformly distributed iff ""eqx456eqx"". (To this point everything is clear) what i do not understand is how to conclude that ""eqx457eqx"" and ""eqx458eqx""."
B.334	"logarithm proof for ""eqx459eqx"""
B.335	"That however isn't clear to me. To me more intuitive way to show convergence would be to show that ""eqx466eqx"" and use some intuitive matrix norm for which it is clear that all elements of ""eqx470eqx"" converge to zero. Any hints?"
B.336	"I have got the following task: (1) For each ""eqx475eqx"", specify matrices ""eqx476eqx"" for which ""eqx477eqx"" is true. (2) Determine ""eqx474eqx"" thus the matrices ""eqx478eqx"", which commute with all matrices ""eqx479eqx"". Could someone please help me with this or give me an approach?"
B.337	"Solution: We can assume that the curve ""eqx480eqx"" is unit-speed and that the tangent lines all pass through the origin (by applying a translation to ""eqx481eqx""). Then, there is a scalar ""eqx482eqx"" such that ""eqx483eqx"" for all ""eqx484eqx"". Then, ""eqx485eqx""."
B.338	"Find all integer solutions of equation ""eqx489eqx"""
B.339	"(For my purposes at the moment, I only need them to be positive, but there is value in having the most general result possible). EDIT: Updated attempt: We have that ""eqx502eqx"" are relatively prime, so there exist ""eqx503eqx"" such that ""eqx504eqx"" by Bézout's lemma. Multiply through by ""eqx505eqx"" to get ""eqx506eqx""."
B.340	"I have the following problem: Let ""eqx510eqx"". Show that ""eqx511eqx"" is a Cauchy sequence."
B.341	"Given ""eqx517eqx"", where ""eqx518eqx"", we can define an arithmetic sequence ""eqx519eqx"". The sequence is thus ""eqx520eqx"". Do all such sequences contain a prime?"
B.342	"""eqx529eqx"" Or is it the following. Calculate the density of the fourth order statistics ""eqx525eqx"" Then ""eqx526eqx"" So is the answer ""eqx530eqx"" minutes or ""eqx531eqx"" minutes?"
B.343	"""eqx532eqx"" ""eqx533eqx"" = ""eqx534eqx"". Hence, ""eqx535eqx"" I have a doubt here. As the two dice are given identical, why do we have to consider ordered pairs?"
B.344	"The emphasis there is any. So, consider the following counterexample: Let ""eqx545eqx"" and let ""eqx546eqx"". Clearly, this is a collection of subsets of ""eqx547eqx""."
B.345	"but I got stacked in a elementary geometry problem. I am given the equation of two straigh lines in the space ""eqx562eqx"" and ""eqx563eqx"" and asked for some calculations. First I am asked the relative position of them"
B.346	"I have a set ""eqx564eqx"" I was wondering why it does not have the greatest lower bound. Isn't ""eqx565eqx"" a greatest lower bound for this set in rational numbers?"
B.347	"if GCD of ""eqx566eqx"", prove that GCD ""eqx567eqx"" or ""eqx568eqx"" The proof goes like: Let GCD ""eqx569eqx"" and let there exist integers m and n such that ""eqx570eqx""  and ""eqx571eqx"" By adding and subtracting these two equations we get: ""eqx572eqx"" and ""eqx573eqx"" , because ""eqx574eqx"" are coprime then ""eqx575eqx"" GCD ""eqx576eqx"" = GCD ""eqx577eqx"" and so on. My question is, why do we have to add and subtract above equations?"
B.348	"Does a similar condition hold for the following block matrix? ""eqx579eqx"""
B.349	"The equation for Stirling's Approximation is the following: ""eqx583eqx"" Writing as a function for y gives us the following: ""eqx584eqx"" Is there a way to solve this equation for x, effectively finding an inverse to this function?"
B.350	"I want to proove that 2 and 3 divide ""eqx585eqx"" and I'm stuck at the inductive step, here's where I'm at: For all ""eqx586eqx"", let ""eqx587eqx"" be the  proposition: 2 and 3 divide ""eqx588eqx"" Basic step: the first term in ""eqx589eqx"" is ""eqx590eqx"", then: ""eqx591eqx"" et ""eqx592eqx"", thus ""eqx593eqx"" is true. Inductive step: For the inductive hypothesis, we assume that ""eqx594eqx"" is true for an arbitrary nonnegative integer k bigger than 0."
B.351	"Let ""eqx603eqx"" be a sequence of sets in ""eqx604eqx"". Define ""eqx605eqx"" such that  for all but finitely many ""eqx606eqx"" it holds that ""eqx607eqx"" ""eqx608eqx"" Show that ""eqx609eqx"" My attempt ""eqx610eqx"" and so by Fatou's lemma: ""eqx611eqx"" Now all I need to show is that ""eqx612eqx"" a.e Consider ""eqx613eqx"" then eventually ""eqx614eqx"" eventually and so ""eqx615eqx"" and so ""eqx616eqx"" Now consider ""eqx617eqx"" then ""eqx618eqx"" such that ""eqx619eqx"" and so ""eqx620eqx"" and hence ""eqx621eqx"" Ando"
B.352	"find a positive continuous function with a finite area : ""eqx624eqx"" , but the limit of ""eqx625eqx"" as ""eqx626eqx"" goes to infinity doesn't exist. I tried finding such a function but I failed ."
B.353	"I understand that two independent random variables are by definition uncorrelated as their covariance is equivalent to 0: ""eqx627eqx"" ""eqx628eqx"", when x and y are two random independent variables. Therefore, ""eqx629eqx"". However, I am having trouble understanding if two random variables, X and Y, are uncorrelated, it does not necessarily mean they are independent."
B.354	"Prove that if ""eqx630eqx"" and ""eqx631eqx"" then ""eqx632eqx"""
B.355	"""eqx638eqx"""
B.356	"How can I evaluate ""eqx643eqx"" where ""eqx644eqx"" is a natural number?"
B.357	"Take the series ""eqx661eqx"" with 2 numbers given. ""eqx662eqx"" , ""eqx663eqx"" , and ""eqx664eqx"" would all be functions that could fit this series, although they differ after the first two numbers. I believe there are more polynomials that fit this description but I'm not sure how many."
B.358	"Before I read the formula of the area of revolution which is ""eqx668eqx"", where ""eqx669eqx"", I thought of deriving it myself. I tried to apply the same logic used for calculating the volume of revolution (e.g., ""eqx670eqx"")."
B.359	"In a problem, the substitution ""eqx675eqx"" was made. In the end, the answer was in terms of sines, and to convert back, ""eqx677eqx"" was defined as ""eqx676eqx"" This is a typical example of some stuff about integration I'm struggling to understand; (1) Why are the absolute values of square roots never taken?"
B.360	"Fourier transform of function ""eqx679eqx"""
B.361	"Let ""eqx681eqx"" be Riemann-integrable and ""eqx682eqx"". Is this function ""eqx683eqx"" always differentiable?"
B.362	"P.S: x is comparable with y iff ""eqx697eqx""."
B.363	"Non-negative martingale ""eqx698eqx"" a.s. prove that ""eqx699eqx"""
B.364	"For a point ""eqx711eqx"" and a non-empty subset ""eqx712eqx"" of a metric space ""eqx713eqx"", define ""eqx716eqx"" Prove that if ""eqx714eqx"" is another point in ""eqx715eqx"" then ""eqx710eqx"""
B.365	"Basically my question is the proof or refutation of the following statement: Given infinite ordinal ""eqx720eqx"". Does there exist an injection from ""eqx721eqx"" to ""eqx722eqx""."
B.366	"Show that if a normed space ""eqx726eqx"" has a linearly independent subset of ""eqx727eqx"" elements, so does the dual space ""eqx728eqx"" My attempt : ""eqx729eqx"" let the subset be  ""eqx730eqx"" Define ""eqx731eqx"" by ""eqx732eqx"" where ""eqx733eqx"" and ""eqx734eqx"" From ""eqx735eqx"" we have  ""eqx736eqx"" After  that im not able to proceed further"
B.367	"Prove that ""eqx737eqx"""
B.368	"In this answer it is stated that ""eqx750eqx"" Is this statement true as ""eqx753eqx""? What I've done: If ""eqx754eqx"" is fixed, then I think the answer is almost trivial, because we may set ""eqx755eqx"", so ""eqx751eqx"" therefore ""eqx752eqx"" But is there a constant independent of ""eqx756eqx"" that makes this true?"
B.369	"How to calculate integral ""eqx757eqx"" I tried partial integration but did not succeed in finding a recurrent relation? Also, tried Moivre formula for ""eqx758eqx"", where ""eqx759eqx"", but also without success."
B.370	"When we define the Lebesgue integral, we first define it for simple functions ""eqx760eqx"" (where ""eqx761eqx"" are measurable) as ""eqx762eqx"" and then for ""eqx763eqx"" as ""eqx764eqx"" : s simple and ""eqx765eqx"". But I was wondering what could go wrong if instead of taking simple functions in the supremum, we would take step functions, i.e. ""eqx766eqx"" where ""eqx767eqx"" are intervals (any type, like ""eqx768eqx"")."
B.371	"Can I say ""eqx769eqx"""
B.372	"Gauss made great progress in number theory in ""eqx785eqx"" by working in ""eqx786eqx"" (or equivalently ""eqx787eqx""), so much so that we call ""eqx788eqx"" the Gaussian integers now. And it was even known to the old mathematicians that solutions to Pell's equation ""eqx789eqx"" could be better analysed by working in ""eqx790eqx"". But now in modern number theory we study much more the ring of integers ""eqx791eqx""."
B.373	"Any hints or solutions are greatly appreciated. I was thinking of the standard argument, let ""eqx802eqx"" where ""eqx803eqx"" and then through some algebra arrive at a common factor for both $a$ and ""eqx805eqx"" which contradicts the fact that ""eqx806eqx"" and so we can apply this over and over again, but then I don't understand how the next problem says to explain why this method fails."
B.374	"Finding all monic complex polynomials ""eqx807eqx"" such that ""eqx808eqx"""
B.375	"Find all integer solutions to ""eqx813eqx"". I've done the case where n is an even integer but now I'm a little lost."
B.376	"""eqx814eqx"" I am having trouble doing this problem. I have attempted to take the Riemann Sum but cannot get past the square root."
B.377	"What is ""eqx815eqx""?"
B.378	"Does ""eqx835eqx"" not equal ""eqx836eqx""?"
B.379	"""eqx847eqx"" since ""eqx848eqx"" is an ismorphism. Then ""eqx849eqx"" hence ""eqx850eqx"" ii) ""eqx851eqx"" is an isomorphism ""eqx852eqx"". iii) ""eqx853eqx"" is an isomorphism ""eqx854eqx"", one can show that ""eqx855eqx"" is also an isomorphism, ""eqx856eqx""."
B.380	"If ""eqx864eqx"", then ""eqx865eqx"" admits two solutions"
B.381	"""eqx871eqx"" is countable if ""eqx872eqx"" are countable"
B.382	"Set of functions from ""eqx883eqx"" to ""eqx884eqx"" is countable?"
B.383	"For pedagogical purposes, I am looking for an elementary proof (i.e. without resorting to the maximum principle) that ""eqx893eqx"" maps the unit disk into itself when ""eqx894eqx"". The usual argument (at least usual for me) is to look at ""eqx895eqx"" and check that ""eqx896eqx""."
B.384	"I am currently taking MIT6.006 and I came across this problem on the problem set. Despite the fact I have learned Discrete Mathematics before, I have never seen such notation before, and I would like to know what it means and how it works, Thank you: ""eqx898eqx"" (Transcribed from screenshot)"
B.385	"Now I want to ask if we can prove, using just this definition that an element of larger degree won't divide an element of smaller degree. In specific rings such as (i) the integers we can say""eqx899eqx"" ""eqx900eqx"" ii) polynomials where""eqx901eqx""""eqx902eqx"" So in both the above cases the size of product of two elements will always be greater than or equal to the size of individual elements and hence the larger element can never divide the smaller element."
B.386	"Prove that ""eqx911eqx"""
B.387	"Let ""eqx921eqx"", then there exists ""eqx922eqx"", such that ""eqx923eqx"". Now analyzing by cases we have:"
B.388	"and then i switched ""eqx956eqx"" with ""eqx957eqx"" So I have ""eqx958eqx"" but then I'm stuck and don't know how to get any further."
B.389	"I'm trying to find a general formula for the series and x is a constant: ""eqx959eqx"" I have deduced the general formula for the sum. ""eqx960eqx"" Will this sum converge to some value when N is very large? Could someone explain how to deal with it?"
B.390	"By the sequence ""eqx965eqx"", define a new sequence ""eqx966eqx"" such that ""eqx967eqx"". If ""eqx968eqx"", how can I show that ""eqx969eqx""?"
B.391	"Show that for each ""eqx973eqx"" ""eqx972eqx"" where ""eqx974eqx"" is a constant given by ""eqx976eqx"" I've tried to use other inequalities for the proof of this one but I still get stuck for the case of ""eqx975eqx""."
B.392	"I am working with polynomials in the ring ""eqx978eqx"", so only polynomials with degree at most ""eqx979eqx"" are allowed, and multiplications must be reduced modulo ""eqx980eqx"". The thing is that I have a polynomial ""eqx981eqx"" and I want to compute its inverse modulo an integer ""eqx982eqx"", ""eqx983eqx"", such that ""eqx977eqx"" How could I do that? Any known algorithm?"
B.393	"f is an entire function, suppose ""eqx985eqx"" for all C, then f is a constant. I 'm trying to use Liouville's theorem, but it seems that it isn't helpful."
B.394	"I have shown that it is discontinuous for all rationals, and now I believe I have to either use the ""eqx991eqx"" definition of continuity or sequential continuity to show the function is continuous for when ""eqx992eqx"" is irrational. I split my attempt into two cases: Our value of ""eqx993eqx"" is irrational, then I want: ""eqx987eqx"" ""eqx994eqx"" is irrational here. Using that ""eqx995eqx"" is irrational I get that ""eqx996eqx"" as does ""eqx997eqx"""
B.395	"""eqx1008eqx"" over ""eqx1009eqx"" with ""eqx1010eqx"" and ""eqx1011eqx"". Additivity: ""eqx1012eqx"" Homogenity: ""eqx1013eqx"" I have a visual understanding that a function is linear if the structure is kept while projecting it with ""eqx1014eqx"" but why it is not enough to check if the function is additive? I would be glad to have some easy examples and an intuition why we would have to check both conditions."
B.396	"I have that ""eqx1017eqx"" are from a rv ""eqx1018eqx"" that has the density function ""eqx1019eqx"" for ""eqx1020eqx"" and ""eqx1021eqx"" otherwise. Ihave to determine the MLE of ""eqx1022eqx"" of ""eqx1023eqx""  Here is how I have done it:  ""eqx1024eqx""  ""eqx1025eqx""  Is this correct?"
B.397	"Alright, I thought I had seen everything but last night I saw this identity (`twas attributed to Ramanujan), ""eqx1030eqx"" Then I saw a proof that was seemingly correct. So alright, I believe it, hey it is no crazier than having infinities of different sizes and I finally have some closure with that fact."
B.398	"Is a continuous function differentiable at ""eqx1036eqx"" if the limit of its derivative has a value at that point? That is, if ""eqx1035eqx"" Intuitively, the slopes of the tangents approach the same value and since the function is continuous a jump-discontinuity isn't possible so it appears the slope at the point should be ""eqx1037eqx"" too. However, I cannot seem to locate such a theorem, so I suspect my intuition is wrong."
B.399	"Prove that ""eqx1040eqx"" is a countable set. (An axis-aligned rectangle is a set of the form ""eqx1038eqx"" for ""eqx1041eqx"" such that ""eqx1042eqx"" and ""eqx1043eqx"".) Attempt: I tried using the density of the ""eqx1044eqx"" in ""eqx1045eqx"", but without any success."
B.400	"Even symbolab doesn't show the same simplification. As with the previous question, I do not understand the ""eqx1050eqx"""
