TopicID	LinearMathAMR
B.1	multi-sentence come-across-21 i problem this find-01 value-01 string-entity contain-01 string-entity interval$C-C$$ minus 1 minus divide 1 3 - range-01 string-entity times ğ‘¥ ğ‘“ ğ‘ string-entity eq divide plus ğ‘ ğ‘¥ SUP ğ‘¥ 2 plus ğ‘ times ğ‘¥ 2 SUP ğ‘¥ 2 times ğ‘¥ ğ‘“ then
B.2	thing solve-01 equation form follow-01 string-entity eq times plus 1 ğ‘¥ ğ‘“ divide times ğ‘“ ğ‘‘ times ğ‘¥ ğ‘‘ differential
B.3	multi-sentence attempt-01 i resolve-01 problem follow-04 find-01 thing correct-02 equal-01 thing name SUP 10 minus 10 exact approximate-01 equal-01 thing name root 5 2 algorithm bisect-01 contrast-01 obligate-01 understand-01 i place-01 string-entity root 5 2 function-01 string-entity ğ‘¥ sure-02 thing go-02 there -
B.4	contrast-01 have-03 i sum-of string-entity SUB SUP SUB sum eq 0 ğ‘˜ ğ‘› times ğ‘˜ ğ‘˜ ğ‘› \binom string-entity times SUP 2 minus ğ‘› 1 ğ‘› know-01 result-01 know-01 thing get-05 you -
B.6	multi-sentence want-01 i find-01 string-entity times 8 \mod SUP 5 133 notice-01 i string-entity eq 5 times 8 \mod SUP 5 ğ‘› and lead-03 say-01 string-entity eq 5 times 8 \mod SUP 5 133 even-02 string-entity ğ‘› - have-polarity-91 - contrast-01 know-01 thing prove-01 this -
B.8	multi-sentence find-01 i value-01 string-entity limit SUB limit â†’ ğ‘› infinity root divide times SUP factorial ğ‘› 3 SUP 27 ğ‘› factorial times ğ‘› 3 ğ‘› try-01 and string-entity eq limit SUB limit â†’ ğ‘› infinity times D-lsqb;&rsqb; minus plus times ln factorial ğ‘› 3 times ln 27 ğ‘› ln factorial times ğ‘› 3 divide 1 ğ‘› ln ğ‘™ string-entity eq limit SUB limit â†’ ğ‘› infinity SUP divide times SUP factorial ğ‘› 3 SUP 27 ğ‘› factorial times ğ‘› 3 divide 1 ğ‘› ğ‘™ string-entity solve-01 i it amr-unknown help-01 you imperative +
B.9	multi-sentence need-01 i write-01 series string-entity SUB SUP SUB sum eq 0 ğ‘› ğ‘ times SUP ğ‘¥ ğ‘› ğ‘› form involve-01 notation string-entity eq divide times plus 1 times ğ‘› 2 plus ğ‘› SUP ğ‘› 2 6 SUB SUP SUB sum eq 0 ğ‘– ğ‘› SUP ğ‘– 2 summarize-01 - have-03 anyone idea any do-02 this amr-unknown
B.10	"multi-sentence find-01 you value-interval variable integrate-01 proper - name SUB SUP SUB int 0 infinity divide sin ğ‘¥ SUP ğ‘¥ ğ‘ variable converge-01 name ""a>0"" imperative obligate-01 i expand-01 integrate-01 use-01 expand-01 series amr-unknown"
B.11	"multi-sentence contrast-01 have-03 parameterize-01 string-entity eq interval$O-O$$ times ğ‘¢ ğ‘“ times ğ‘£ ğ‘” times interval$O-O$$ ğ‘¢ ğ‘£ Î¦ need-01 calculate-01 string-entity SUP ğ‘… 2 example book calculate-01 string-entity determine-01 ""d"" string-entity SUP ğ‘… 3 plenty example case-04 string-entity SUP ğ‘… 2 none at-all exemplify-01"
B.12	multi-sentence ask-02 it and find-01 i root all sketch-01 it then proceed-01 we amr-unknown
B.13	multi-sentence simplify-01 express-01 string-entity plus SUB SUP SUB int times ğ‘ ğ‘“ times ğ‘ ğ‘“ times &quest; d ğ‘¥ ğ‘¥ SUP ğ‘“ minus 1 SUB SUP SUB int ğ‘ ğ‘ times d ğ‘¥ ğ‘¥ ğ‘“ amr-unknown contrast-01 answer-01 string-entity minus times ğ‘ ğ‘“ ğ‘ times ğ‘ ğ‘“ ğ‘ wonder-01 i thing get-01 answer-01 amr-unknown
B.14	"multi-sentence have-03 i equation string-entity eq plus times SUP SUP ğ‘¦ 2 â€² divide 1 2 times SUP ğ‘¦ â€² ğ‘¥ ğ‘¦ order ordinal-entity 1 differential possible-01 find-01 someone way cause-01 this solve-01 string-entity eq ğ‘¦ times plus SUP ğ‘¦ â€² times ğ‘¥ 2 SUP ğ‘¦ â€² divide 1 2 and think-01 i possible-01 use-01 string-entity eq ğ‘¡ plus ğ‘¦ SUP ğ‘¥ 2 substitute-01 have-03 string-entity same-01 string-entity previous ""eqx80eqx"" exact ""eqx80eqx"" derive-01 have-03 i idea thing start-01 -"
B.15	multi-sentence concern-02 series and string-entity plus â€¦ times SUP ğ‘¥ minus ğ‘› 1 ğ‘› â€¦ times SUP ğ‘¥ 4 5 times SUP ğ‘¥ 3 4 times SUP ğ‘¥ 2 3 times ğ‘¥ 2 1 string-entity neq L-3 1 times ğ‘¡ ğ‘™ & abs ğ‘¥ 1 ğ‘¥ need-01 i find-01 and sum part sum series final
B.16	multi-sentence calculate-01 i string-entity SUB SUP SUB int 0 1 times d ğ‘¥ divide times ln minus 1 ğ‘¥ ln plus ğ‘¥ 1 plus ğ‘¥ 1 try-01 i let-01 string-entity eq SUB SUP SUB int 0 1 times d ğ‘¥ divide times ln minus 1 times ln plus times ğ‘¥ ğ‘ 1 ğ‘¥ ğ‘ plus ğ‘¥ 1 times interval$O-O$$ ğ‘ ğ‘ ğ¼ compute-01 i string-entity divide times interval$O-O$$ ğ‘ ğ‘ ğ¼ SUP ğ‘‘ 2 times ğ‘ ğ‘‘ ğ‘ ğ‘‘ then
B.17	multi-sentence want-01 i calculate-01 equal-01 string-entity SUB SUP SUB int eq 0 ğ‘¥ infinity divide sin ğ‘¥ ğ‘¥ function-01 string-entity eq divide SUP ğ‘’ times ğ‘§ ğ‘– ğ‘§ times ğ‘§ ğ‘“ think-01 i use-01 path close-01 string-entity eq plus SUB ğ›¾ italic-Ïµ SUB ğ›¾ 2 SUB ğ›¾ ğ‘… SUB ğ›¾ 1 Î“ and cause-01 equal-01 integral - equal-01 string-entity form-seq eq ğ‘¡ times ğ‘¡ SUB ğ›¾ 1 in ğ‘¡ interval$C-C$$ times italic-Ïµ ğ‘– times ğ‘… ğ‘– function-01 equal-01 string-entity form-seq eq times SUP ğ‘’ times ğ‘¡ ğ‘– ğ‘… times ğ‘¡ SUB ğ›¾ ğ‘… in ğ‘¡ interval$C-C$$ minus divide ğœ‹ 2 divide ğœ‹ 2 function-01 equal-01 string-entity form-seq eq ğ‘¡ times ğ‘¡ SUB ğ›¾ 2 in ğ‘¡ interval$C-C$$ minus times ğ‘… ğ‘– minus times italic-Ïµ ğ‘– function-01 equal-01 string-entity form-seq eq times SUP ğ‘’ times ğ‘¡ ğ‘– italic-Ïµ times ğ‘¡ SUB ğ›¾ italic-Ïµ in ğ‘¡ interval$C-C$$ minus divide ğœ‹ 2 divide ğœ‹ 2 function-01
B.18	"multi-sentence contrast-01 know-01 i question-01 resemble-01 this many want-01 solve-01 and use-01 method name ""cesÃ¡ro-stolz"" use-01 other - and take-01 i log apply-02 contrast-01 string-entity answer-01 divide 4 ğ‘’ get-01 string-entity give-01 string-entity answer-01 divide 2 ğ‘’ answer-01 plus 1 times log times ğ‘› ğ‘› \cfrac ğ‘› log 2"
B.20	multi-sentence look-01 i thing name in ğ‘› times ğ‘ \Bbb thing equal-01 thing function-01 equilibrium name italic-Ï• name eq 40 times ğ‘› italic-Ï• find-01 i thing equal-01 thing name eq 41 ğ‘› 1 already calculate-01 amr-unknown thing name times ğ‘  SUP ğ‘› â€²
B.21	"multi-sentence and continue-01 i journey-01 learn-01 arithmetic modular confuse-01 question-01 find-01 you digit mean-01 numerical-quantity 9 last string-entity SUP 9 SUP 9 SUP 9 fragments Ã¢Â€Â¦ 9 2 imperative know-01 we string-entity times times 100 italic-Ï• ğ‘‘ ğ‘œ ğ‘š \text ğ‘ and suppose-02 function name ""phi"" use-01 problem this have-03 i string-entity equal-01 string-entity eq SUP 9 ğ‘ times times ğ‘  9 ğ‘’ ğ‘› ğ‘– ğ‘› \text SUP 9 SUP 9 SUP 9 fragments Ã¢Â€Â¦ 9 equal-01 string-entity times 100 Â¤ Â‰ italic-Ã¢ ğ‘¥ Â¤ Â‰ italic-Ã¢ 0 times times 100 ğ‘‘ ğ‘œ ğ‘š \text ğ‘¥ Â¡ Â‰ italic-Ã¢ SUP 9 SUP 9 SUP 9 fragments Ã¢Â€Â¦ 9 so-far"
B.24	possible-01 solve-01 we string-entity root minus times ğ‘– 2 1 2 way another work-out-02 string-entity string-entity minus plus times ğ‘– ğ‘ ğ‘ 2 SUP ğ‘ 2 SUP ğ‘ 2 string-entity eq 2 times ğ‘ ğ‘ 2 string-entity eq SUP ğ‘ minus 2 SUP ğ‘ 2 string-entity eq minus 1 minus SUP ğ‘ minus 2 SUP ğ‘ 2 string-entity eq minus 1 plus 1 minus SUP ğ‘ 4 string-entity eq 2 SUP ğ‘ 4 string-entity eq root 2 4 ğ‘ eq SUP plus times ğ‘– ğ‘ ğ‘ 2 minus times ğ‘– 2 1 amr-unknown
B.25	multi-sentence have-condition-91 equal-01 string-entity eq 2 times 0 ğ‘ƒ cause-01 reason same-01 equal-01 string-entity eq plus 1 SUP plus 1 SUP ğ‘¥ 2 2 times ğ‘¥ ğ‘ƒ contrast-01 have-03 we converge-01 string-entity limit SUB limit times Â Âˆ italic-Ã¢ Â’ Â† italic-Ã¢ ğ‘¥ times ğ‘¥ log SUB log ğ‘¥ ğ‘ƒ integer - string-entity eq 3 times 0 ğ‘ƒ cause-01 think-01 i possible-01 polynomial string-entity times ğ‘¥ ğ‘ƒ -
B.26	"multi-sentence try-01 i show-01 contrast-01 converge-01 thing follow-04 integral-02 absolute - attempt-01 i obtain-01 series string-entity eq SUB SUP SUB sum eq 0 ğ‘› infinity times divide SUP ğ‘¥ plus 1 times ğ‘› 2 times factorial plus 1 times ğ‘› 2 plus 1 times ğ‘› 2 SUP minus 1 ğ‘› plus â‹¯ minus plus divide SUP ğ‘¥ 5 times factorial 5 5 minus ğ‘¥ divide SUP ğ‘¥ 3 times factorial 3 3 divide SUP ğ‘¥ 7 times factorial 7 7 now string-entity SUB SUP SUB int 0 ğ‘¥ times d ğ‘¥ divide times ğ‘¥ ğ‘› ğ‘– ğ‘  ğ‘¥ name ""taylor"" ordinal-entity 1 and string-entity eq limit SUB limit â†’ ğ‘¥ infinity SUB SUP SUB sum eq 0 ğ‘› infinity times divide SUP ğ‘¥ plus 1 times ğ‘› 2 times factorial plus 1 times ğ‘› 2 plus 1 times ğ‘› 2 SUP minus 1 ğ‘› SUB SUP SUB int 0 infinity times d ğ‘¥ divide sin ğ‘¥ ğ‘¥ get-03 stick-01 here step-01 next amr-unknown"
B.27	value-01 string-entity SUP ğ‘’ divide times ğœ‹ ğ‘– 3 2 amr-unknown
B.28	amr-unknown string-entity eq divide plus root ğ‘ 2 ğ‘ ğ‘ sin SUP 18 compose string-entity plus ğ‘ ğ‘ ğ‘
B.29	"multi-sentence and stump-01 this they complete-02 possible-01 get-01 i answer-01 - calculate-01 i number string-entity eq root minus 1 2 ğ‘– complex since string-entity ""eqx240eqx"" use-01 property state-01 since string-entity eq 0 divide times ğ‘¥ 5 infinity string-entity ""eqx242eqx"" utilize-01 number real-04 after calculate-01 theory some amr-choice correct-02 calculate-01 this more-than concept this"
B.30	multi-sentence find-01 you solve-01 i thing question-01 this string-entity include-91 and string-entity times 1 ğ‘ string-entity times 0 ğ‘ string-entity minus ğ‘ 1 string-entity minus ğ‘‘ 2 minus plus SUP ğ‘ 3 SUP ğ‘ 3 SUP ğ‘ 3 times ğ‘ ğ‘ ğ‘ 3 imperative + help-01 imperative +
B.32	"multi-sentence be-temporally-at-91 introduce-02 we thing define-01 system order ordinal-entity 1 logic exemplify-01 say-01 we define-01 string-entity fragments empty fragments $ x iff $$ not-exists y fragments $ y in x $$ call-01 you thing define-01 imperative amr-unknown ask-01 i this cause-01 new-01 thing predicate-01 place 1 name ""empty"" ""()"" include-91 primitive list-01 city have-03 and only identity membership thing symbolize-01 primitive name ""zermelo"" - actual-02"
B.33	mean-01 derivative string-entity divide partialdiff SUP partialdiff 3 ğ‘“ partialdiff SUP ğ‘¥ 3 string-entity divide partialdiff SUP partialdiff 3 ğ‘“ partialdiff SUP ğ‘¡ 3 string-entity ğ‘“ ordinal-entity 3 actual-02 amr-unknown exist-01 quantity represent-01 function string-entity times interval$O-O$$ ğ‘¡ ğ‘¥ ğ‘“ physical
B.34	"multi-sentence modify-01 i question-01 accordingly define-01 extend-01 string-entity satisfy-01 define-01 notation recur-01 â†‘ SUP â†‘ ğ‘› ğ‘ ğ‘ each turn-out-11 correct-02 string-entity fragments a â†“ â†“ b eq b plus 1 either - cause-01 imply-01 this string-entity ""eqx281eqx"" edit-01 ordinal-entity 2"
B.35	multi-sentence have-03 former thing incentivize-01 - - have-03 latter contrast-01 know-01 i possible-01 sound-01 question-01 this naive cause-01 amr-unknown write-01 we string-entity resemble-01 string-entity int times SUP ğ‘’ times d ğ‘¥ ğ‘¥ 2 int times d ğ‘¥ SUP ğ‘’ SUP ğ‘¥ 2
B.36	"multi-sentence include-91 prove-01 cause-01 contain-01 thing obtain-01 contradict-01 something resemble-01 prove-01 cause-01 hold-01 string-entity times ğ‘ƒ not wrong-04 we assume-02 we hold-01 string-entity times ğ‘ƒ not initial most arrive-01 string-entity times ğ‘’ ğ‘¢ ğ‘Ÿ ğ‘¡ use-01 list-01 state-01 prove-01 before prove-01 or hold-01 derive-01 possible-01 add-02 state-01 prove-01 string-entity ""p"" cause-01 derive-01"
B.37	multi-sentence have-concession-91 function interchange-01 and identity linear - value-01 real-04 and string-entity ğ‘“ string-entity ğ‘” exhibit-01 behave-01 string-entity eq times &quest; compose ğ‘” ğ‘“ compose ğ‘“ ğ‘” amr-unknown trivial example and string-entity eq times ğ‘¥ 2 times ğ‘¥ ğ‘“ string-entity eq times ğ‘¥ 3 times ğ‘¥ ğ‘” sense this and possible-01 go-06 one obtain-01 exemplify-01 function commute-02 string-entity ğ‘“ function string-entity ğ‘“
B.38	"multi-sentence execute-02 we step-01 simple-02 contrast-01 see-01 i theorem name ""zfc"" ""axioms"" ordinal-entity 1 before now some temporal-quantity 1 year have-concession-91 use-01 even-if know-01 name-01 - yet time all module every and prove-01 exist-01 equal-01 string-entity restrict-01 string-entity ""r"" know-01 $##$ L-2 ğ‘ ğ‘Ÿ eq plus ğ‘Ÿ times ğ‘ ğ‘ ğ‘ equal-01 string-entity times ğ‘’ ğ‘  ğ‘œ ğ‘œ â„ ğ¶ equal-01 string-entity fragments q $##$ qb&lt ; eq a equal-01 string-entity L-2 ğ‘ ğ‘ have-degree-91 most start-01 resemble-01 this important-01 so this amr-unknown allow-01 choose-01"
B.40	
B.41	"have-condition-91 give-01 number string-entity ""b"" function onto string-entity ""a"" book have-condition-91 set contain-01 element string-entity ğ‘š and finite 2 and possible-01 understand-01 i it - realize-01 combine-01"
B.43	"multi-sentence try-01 i prove-01 string-entity eq divide minus times coth ğœ‹ ğœ‹ 1 2 sum SUB sum geq ğ‘› 1 divide 1 plus 1 SUP ğ‘› 2 let-01 we string-entity eq sum SUB sum geq ğ‘› 1 divide 1 plus 1 SUP ğ‘› 2 ğ‘† recall-02 series name ""fourier"" function-01 exponential string-entity eq plus times sum SUB sum geq ğ‘› 1 times minus cos times ğ‘¥ ğ‘› times sin times ğ‘¥ ğ‘› ğ‘› divide SUP minus 1 ğ‘› plus 1 SUP ğ‘› 2 divide times sinh ğœ‹ 2 ğœ‹ divide sinh ğœ‹ ğœ‹ SUP ğ‘’ ğ‘¥ plug-in-03 and string-entity eq ğœ‹ ğ‘¥ string-entity eq plus times sum SUB sum geq ğ‘› 1 times minus cos times ğœ‹ ğ‘› times sin times ğœ‹ ğ‘› ğ‘› divide SUP minus 1 ğ‘› plus 1 SUP ğ‘› 2 divide times sinh ğœ‹ 2 ğœ‹ divide sinh ğœ‹ ğœ‹ SUP ğ‘’ ğœ‹ string-entity eq plus times sum SUB sum geq ğ‘› 1 times minus SUP minus 1 ğ‘› â‹… ğ‘› 0 divide SUP minus 1 ğ‘› plus 1 SUP ğ‘› 2 divide times sinh ğœ‹ 2 ğœ‹ divide sinh ğœ‹ ğœ‹ SUP ğ‘’ ğœ‹ string-entity eq plus times ğ‘† divide times sinh ğœ‹ 2 ğœ‹ divide sinh ğœ‹ ğœ‹ SUP ğ‘’ ğœ‹ string-entity eq minus divide times SUP ğ‘’ ğœ‹ ğœ‹ times sinh ğœ‹ 2 divide 1 2 ğ‘† contrast-01 correct-02 that near -"
B.44	multi-sentence let-01 group-01 string-entity interval$O-O$$ times SUB â„³ times times ğ‘„ \mathbb 2 2 times matrix nonsingular and let-01 order-03 string-entity eq L-3 times ğ‘ ğ‘š ğ‘ & M-1x1 R 0 minus times ğ‘ ğ‘š ğ‘ & 1 1 0 ğ´ string-entity ğ´ let-01 order-03 string-entity eq L-3 times ğ‘ ğ‘š ğ‘ & M-1x1 R 0 minus 1 times ğ‘ ğ‘š ğ‘ & 1 minus 1 ğµ string-entity ğµ
B.45	"prove-01 you depend-01 string-entity L-5 sin ğ‘¥ sin times ğ‘¥ 2 sin times ğ‘¥ 3 â€¦ sin times ğ‘¥ ğ‘› - cause-01 know-01 we recommend-01 cause-01 depend-01 person country name ""wronsekia"" - string-entity 0 get-01 solution trivial - try-02 i imperative"
B.46	"and suppose-01 you function-01 string-entity ğ‘“ integrate-01 possible-01 thing name ""lebesgue"" satisfy-01 string-entity eq 0 int times d ğ‘¥ ğ‘¥ ğ‘“ SUP ğ‘¥ ğ‘˜ prove-01 string-entity form-seq eq times ğ‘ \text 0 ğ‘“ ğ‘’"
B.47	"prove-01 you exist-01 string-entity cause-01 string-entity equivalent rem 1 ğ‘ times ğ‘ ğ‘Ÿ ğ‘ and string-entity give-14 ğ‘ prime string-entity each ""eqx400eqx"" imperative"
B.48	multi-sentence try-01 i show-01 thing follow-04 have-condition-91 string-entity geq SUP plus ğ‘¦ ğ‘¥ ğ‘˜ plus SUP ğ‘¦ ğ‘˜ SUP ğ‘¥ ğ‘˜ string-entity in ğ‘˜ times SUB ğ‘… geq 1 \mathbb all cause-01 try-01 i thing few seem-01 stick-01 nothing so
B.50	series differ-02 thing name sum divide 1 SUP ğ‘› plus cos ğ‘› 2
B.51	multi-sentence prove-01 you equal-01 string-entity eq SUP 2 ğ‘› SUB SUP SUB sum eq 0 ğ‘Ÿ ğ‘› times divide 1 SUP 2 ğ‘Ÿ binomial plus ğ‘Ÿ ğ‘› ğ‘Ÿ coefficient equal-01 string-entity plus times divide 1 SUP 2 ğ‘› ğ‘› ğ‘› times ğ‘› \binom â‹¯ times divide 1 SUP 2 3 ğ‘› 3 times ğ‘› \binom times divide 1 SUP 2 2 ğ‘› 2 times ğ‘› \binom times divide 1 2 ğ‘› 1 times ğ‘› \binom times ğ‘› ğ‘› \binom coefficient equal-01 string-entity SUP ğ‘¥ ğ‘› imperative help-01 you solve-01 i it amr-unknown i imperative
B.52	"multi-sentence have-trouble-04 i start-01 part 2 prove-01 equal-01 string-entity in L-4 SUB ğ‘› 1 SUB ğ‘› 2 â€¦ SUB ğ‘› ğ‘˜ times ğ‘ \mathbb cause-01 equal-01 string-entity eq plus 1 times SUB ğ‘› ğ‘˜ â€¦ SUB ğ‘› 2 SUB ğ‘› 1 ğ‘› number string-entity L-4 SUB ğ‘› 1 SUB ğ‘› 2 â€¦ SUB ğ‘› ğ‘˜ any - at-least string-entity 2 ""a"" prove-01 lead-03 true-01 negative-03 contradict-01 ""b"""
B.53	"multi-sentence this have-mod-91 and string-entity ğ´ string-entity ğµ contrast-01 have-condition-91 restrict-01 we string-entity ""eqx501eqx"" matrix square - prove-01 use-01 structure space vector transform-01 linear-02 simple-02 avoid-01 chase-01 entry this simple-02"
B.54	multi-sentence or tip-05 one this amr-unknown solve-01 amr-unknown show-01 possible-01 count-01 powerset string-entity fragments p fragments $ n eq $$ fragments $ s | sÃ¢ÂŠÂ†n $$ - use-01 argument diagonal
B.55	string-entity eq root minus 1 2 divide 1 root minus 1 2 amr-unknown
B.56	multi-sentence let-01 set empty-02 - number natural-03 string-entity ğ‘† amr-choice true-01 formula follow-04 string-entity fragments exists p fragments $ \textpisprime â†’ forall x \text fragments $ xisprime $$ $$ string-entity ğ‘† false contrast-01 know-01 i answer-01 question-01 this way have-degree-91 short-07 most arrive-01 conclude-01 use-01 system some deduct-01
B.57	know-01 i continue-01 string-entity SUP ğ‘“ minus 1 string-entity times ğµ ğ‘“ true-01 cause-01 and equal-01 string-entity subset-01 string-entity times SUP ğ‘… ğ‘› \mathbb compact-01 ğµ equal-01 string-entity function-01 inject-01 continue-01 equal-01 one $##$ ğ‘“ â†’ ğµ times SUP ğ‘… ğ‘š \mathbb string-entity
B.58	multi-sentence exercise-01 ordinal-entity 1 prove-01 you that imperative thank-01 i
B.59	"multi-sentence look-01 i prove-01 thing state-01 that multiple denote-01 string-entity times ğ‘› italic-Ï• theorem and equal-01 string-entity ""eqx531eqx"" string-entity eq SUB SUP SUB product eq 1 ğ‘˜ ğ‘š SUP SUB ğ‘ ğ‘˜ SUB ğ›¼ ğ‘˜ ğ‘› string-entity eq SUB SUP SUB product eq 1 ğ‘˜ ğ‘š SUP SUB ğ‘ ğ‘˜ SUB ğ›½ ğ‘˜ ğ‘‘ factorize-01 unique-01 here equal-01 string-entity ""eqx532eqx"" string-entity ""eqx532eqx"" here"
B.60	"multi-sentence let-01 and equal-01 string-entity eq times minus 1 divide 1 root plus 1 ğ‘› 2 â€¦ minus 1 divide 1 root 2 2 SUB ğ‘ ğ‘› string-entity geq ğ‘› 1 equal-01 string-entity limit SUB limit â†’ ğ‘› infinity SUB ğ‘ ğ‘› string-entity 1 ""q"" and exist-01 string-entity times times times minus 1 divide 1 root plus 1 ğ‘› 2 â€¦ â€¦ â€¦ minus 1 divide 1 root plus 1 8 2 minus 1 divide 1 root plus 1 7 2 minus 1 divide 1 root plus 1 6 2 minus 1 divide 1 root plus 1 5 2 minus 1 divide 1 root plus 1 4 2 minus 1 divide 1 root plus 1 3 2 minus 1 divide 1 root plus 1 2 2 minus 1 divide 1 root plus 1 1 2 - equal-01 string-entity divide 1 root ğœ‹ 2 string-entity 0 equal-01 string-entity times â€¦ 0.667 0.647 0.622 0.553 0.5 0.423 0.293 string-entity ""0.009"" approach-02 i get-01 or direction particular procedure any - and simplify-01 string-entity SUB ğ‘ ğ‘› find-01 value tend-01 variable name ""n"" infinity"
B.62	multi-sentence here full question-01 and denote-01 string-entity times ğ‘ \mathbb set integer let-01 denote-01 string-entity times ğ‘„ \mathbb set number rational-02 prove-01 you string-entity eq abs times ğ‘ \mathbb abs times ğ‘„ \mathbb imperative think-01 i possible-01 write-01 element every string-entity times ğ‘„ \mathbb element some string-entity times times times ğ‘ \mathbb ğ‘ \mathbb know-01 or prove-01 bijection prove-01 even still -
B.63	"multi-sentence give-01 equal-01 equal-01 variable positive any name L-2 SUB ğ‘› 1 SUB ğ‘› 2 ""eqx"" divisor share-01 they have-degree-91 great most equal-01 equal-01 equal-01 variable positive name ğ‘Ÿ ""eqx"" multiple share-01 have-degree-91 common least have-03 i set equal-01 equal-01 variable name L-5 SUB ğ‘› 1 SUB ğ‘› 2 SUB ğ‘› 3 â€¦ SUB ğ‘› ğ‘Ÿ ""eqx"" truth-value feel-02 contrast-01 struggle-02 get-04 handle-01 relation-03 true-01 equal-01 string-entity eq divide SUB SUP SUB product eq 1 ğ‘– ğ‘Ÿ SUB ğ‘› ğ‘– times V-5 SUB ğ‘› 1 times 2 ğ‘› SUB ğ‘› 3 â€¦ SUB ğ‘› ğ‘Ÿ ğ‘‘ ğ‘ ğ‘” times V-5 SUB ğ‘› 1 SUB ğ‘› 2 SUB ğ‘› 3 â€¦ SUB ğ‘› ğ‘Ÿ ğ‘š ğ‘ ğ‘™ \text"
B.64	multi-sentence suppose-01 you and continue-01 string-entity $##$ ğ‘“ â†’ interval$C-C$$ ğ‘ ğ‘ times ğ‘… \mathbb equal-01 subset times interval$C-C$$ ğ‘ ğ‘ ğ‘“ interval$C-C$$ ğ‘ ğ‘ imperative prove-01 you exist-01 point satisfy-01 string-entity eq ğ‘ times ğ‘ ğ‘“ name in ğ‘ interval$C-C$$ ğ‘ ğ‘ imperative
B.65	multi-sentence possible-01 show-01 we equal-01 string-entity leq times SUP ğ‘’ minus times SUP ğœ† 2 ğ‘¡ ğœ† 2 times divide 1 times 1 \tag SUP ğ‘¡ 2 SUP ğ‘’ 2 string-entity geq L-2 ğœ† ğ‘¡ 0 all amr-unknown yield-01 apply-02 string-entity ln side both recommend-01 equal-01 string-entity 1 string-entity leq times ğœ† ğ‘¡ times 2 \tag SUP ğ‘’ minus times ğœ† ğ‘¡ 1 infer-01 have-condition-91 suffice-01 mistake-02 i - show-01 string-entity leq ğ‘¥ SUP ğ‘’ minus ğ‘¥ 1 all
B.66	possible-01 justify-01 string-entity eq times ğ‘¥ SUP ğ´ ğ‘‡ SUP â„ ğ‘‡ SUP times â„ ğ´ SUP ğ‘¥ ğ‘‡ ğ‘‡ and string-entity in L-2 ğ‘¥ â„ times SUP ğ‘… ğ‘‘ \mathbb string-entity in ğ´ times SUP ğ‘… times ğ‘‘ ğ‘‘ \mathbb amr-unknown
B.67	"multi-sentence prove-01 and matrix string-entity times ğ‘˜ ğ‘˜ matrix string-entity times ğ‘™ ğ‘˜ matrix string-entity times ğ‘™ ğ‘™ equal-01 matrix name eq det times det ğ¶ ğ´ L-3 det times ğ‘ ğ‘š ğ‘ & ğ´ {bmatrix} times ğ‘ ğ‘š ğ‘ & ğ‘‚ ğµ ğ¶ ""o"" element all zero contrast-01 know-01 i rule calculate-01 thing determine-01 some know-01 begin-01 question-01 this -"
B.68	multi-sentence prove-01 you possible-01 divide-01 string-entity plus 1 SUP ğ‘ ğ‘› string-entity plus 1 ğ‘ odd string-entity ğ‘› imperative know-01 we possible-01 and equal-01 string-entity ğ‘ string-entity minus 1 equal-01 string-entity in ğ‘› times ğ‘ \mathbb string-entity plus 1 times ğ‘˜ 2 - cause-01 obligate-01 odd string-entity ğ‘›
B.69	"multi-sentence assign-01 problem and all string-entity eq binomial plus 1 ğ‘› plus 1 ğ‘  plus binomial ğ‘› ğ‘  â€¦ binomial plus 1 ğ‘  ğ‘  binomial ğ‘  ğ‘  string-entity geq ğ‘› ğ‘  this homework i and try-01 i email-01 and person have-rel-role-91 professor person have-rel-role-91 ta seem-01 contradict-01 explain-01 respond-01 person have-rel-role-91 professor say-01 state-01 correct-02 formula prove-01 need-01 string-entity ""eqx639eqx"""
B.70	"multi-sentence let-01 you and string-entity in ğ‘™ times ğ‘ \mathbb string-entity in ğ‘ times ğ‘ \mathbb imperative need-01 i prove-01 thing follow-04 and work-09 formula person name ""euler"" - try-01 i use-01 sum-01 term string-entity ğ‘ ordinal-entity 1 theorem get-02 geometry then idea any amr-unknown"
B.71	multi-sentence show-01 i equal-01 string-entity form-seq plus â€¦ SUP 2 2 SUP 1 2 eq divide times plus 1 times ğ‘› 2 plus 1 ğ‘› ğ‘› 6 plus SUP ğ‘› 2 cause-01 need-01 rewrite-01 string-entity eq divide times plus times plus 1 1 ğ‘ 2 plus plus 1 1 ğ‘ plus 1 ğ‘ 6 times SUB ğ‘† plus 1 ğ‘ ğ» ğ‘… equal-01 string-entity plus SUP plus 1 ğ‘ 2 divide times plus 1 times ğ‘ 2 plus 1 ğ‘ ğ‘ 6 string-entity eq plus SUP plus 1 ğ‘ 2 times SUB ğ‘† ğ‘ ğ» ğ‘… times SUB ğ‘† plus 1 ğ‘ ğ» ğ‘… mean-01 case-04 equal-01 n and string-entity eq plus SUP ğ‘ 2 â€¦ SUP 2 2 SUP 1 2 times SUB ğ‘† ğ‘ ğ» ğ¿ string-entity eq divide times plus 1 times ğ‘ 2 plus 1 ğ‘ ğ‘ 6 times SUB ğ‘† ğ‘ ğ» ğ‘… mean-01 case-04 equal-01 string-entity form-seq eq plus â€¦ SUP 2 2 SUP 1 2 times SUB ğ‘† plus 1 ğ‘ ğ» ğ¿ plus plus SUP plus 1 ğ‘ 2 SUP ğ‘ 2 string-entity eq divide times plus times plus 1 1 ğ‘ 2 plus plus 1 1 ğ‘ plus 1 ğ‘ 6 times SUB ğ‘† plus 1 ğ‘ ğ» ğ‘… mean-01 case-04 mean-01 case-04 equal-01 and attempt-01 induct-02
B.73	multi-sentence doubt-01 i this clarify-10 someone hope-01 possible-01 demonstrate-01 prove-01 you equal-01 follow-01 imperative and use-01 we call-01 string-entity ğ‘ƒ string-entity eq SUP plus ğ‘¥ 1 times ğ‘› 2 times SUP plus ğ‘¥ 1 ğ‘› SUP plus ğ‘¥ 1 ğ‘› amr-unknown
B.74	multi-sentence show-01 you equal-01 contrast-01 equal-01 string-entity $##$ ğ‘“ â†’ interval$O-O$$ 0 infinity times ğ‘… \mathbb interval string-entity eq plus times ğ‘¥ 1 \dfrac ğ‘¥ times ğ‘¥ ğ‘“ interval string-entity interval$C-O$$ 2 infinity imperative equal-01 string-entity eq 1 ğ‘¥ interval string-entity eq 2 times 1 ğ‘“ string-entity
B.75	multi-sentence know-01 i thing show-01 equal-01 string-entity ğ‘š equal-01 and string-entity SUP ğ‘’ ğ‘¢ string-entity times ğ‘¡ ğ‘” & string-entity divide SUP ğ‘¢ plus 1 ğ‘š factorial plus 1 ğ‘š each string-entity eq 0 limit SUB limit â†’ ğ‘¢ infinity divide SUP ğ‘¢ ğ‘š SUP ğ‘’ ğ‘¢ - contrast-01 start-01 i string-entity look-01 thing solve-01 sure-02 thing step-01 this logical -
B.76	"multi-sentence problem follow-04 let-01 you string-entity include-91 and string-entity in ğ‘ times ğ‘ \mathbb string-entity in ğ‘ minus times ğ‘ \mathbb S-1 0 ""eqx703eqx"" imperative have-concession-91 attempt-01 i something let-01 you consist-01 string-entity eq S-4 2 3 5 â€¦ S-1 SUB ğ‘ ğ‘˜ set prime imperative have-03 we collect-01 include-91 and string-entity conditional-set plus times ğ‘ \mathbb SUB ğ‘ ğ‘– SUB ğ‘ ğ‘– in ğ‘– times ğ‘ \mathbb string-entity eq times ğ‘ \mathbb union SUB union in ğ‘– times ğ‘ \mathbb plus times ğ‘ \mathbb SUB ğ‘ ğ‘– SUB ğ‘ ğ‘– such show-01 you truth-value possible-01 extract-01 string-entity satisfy-01 subset ğ¼ times ğ‘ \mathbb always imperative seem-01 forget-01 i thing include-91 algebra elementary lot fortunate-01 -"
B.77	"multi-sentence show-01 consequence-03 law distributive relation-03 string-entity eq 1 times minus 1 minus 1 problem question-01 this ordinal-entity 1 publication-91 person name ""andre"" ""weil"" book ""number"" ""theory"" ""for"" ""beginners"""
B.79	"multi-sentence edit-01 use-01 person publication name ""real"" ""and"" ""complex"" ""analysis"" name ""rudin"" this prove-01 string-entity leq abs divide minus SUP ğ‘’ minus times ğ‘¢ ğ‘¥ ğ‘– 1 ğ‘¢ abs ğ‘¥ string-entity real-04 neq 0 ğ‘¢ all near-02 begin-01 chapter 9 cause-01 amr-unknown true-01 this believe-01 i real-04 string-entity ğ‘¥"
B.80	multi-sentence start-out-05 you element have-quant-91 least just and word-01 other come-01 string-entity L-10 emptyset S-1 1 S-1 2 S-2 1 2 S-1 3 S-2 1 3 S-2 2 3 S-3 1 2 3 S-1 4 â€¦ ordinal-entity 1 come-01 string-entity S-1 1 then
B.81	"multi-sentence let-01 set string-entity ğ‘€ infinite law name ""proposition"" 1 exist-01 inject-01 string-entity ğ‘€ string-entity S-3 1 â‹¯ ğ‘› string-entity in ğ‘› times ğ‘ \mathbb any exist-01 string-entity in ğ‘¥ ğ‘€ 1 since string-entity neq emptyset ğ‘€"
B.82	"multi-sentence let-01 area string-entity times ğ‘¥ ğ‘“ interval string-entity interval$C-C$$ 0 times ğœ‹ 2 under curve obligate-01 exist-01 function-01 string-entity cause-01 and become-01 string-entity eq sin ğ‘¥ ğ‘¡ string-entity eq 0 sin 0 become-01 string-entity times ğœ‹ 2 string-entity eq 0 sin times ğœ‹ 2 substitute-01 string-entity eq SUB SUP SUB int 0 0 times d ğ‘¡ arcsin ğ‘¡ ğ‘” ğ´ contrast-01 equal-01 string-entity 0 string-entity eq 0 ğ´ equal-01 - times ğ‘¥ ğ‘” now use-01 thing substitute-01 name ""t"""
B.83	multi-sentence give-01 he sequence chew-01 we before learn-01 more bind-01 have-in-mind-13 that sequence string-entity L-5 1 plus divide 1 2 1 plus divide 1 3 divide 1 2 1 plus divide 1 4 divide 1 3 divide 1 2 1 â€¦ that know-01 i bind-01 sequence exist-01 string-entity cause-01 string-entity leq SUB ğ‘ ğ‘› ğ‘€ string-entity ğ‘› all ğ‘€ above
B.84	"multi-sentence say-01 i ideal string-entity eq L-3 times ğ‘¡ ğ‘™ & ğ‘ times ğ‘¡ ğ‘” & ğ‘¥ ğ¼ string-entity ideal thing name ""p"" principal times D-lsqb;&rsqb; ğ‘¥ ğ‘ principal - question-01 i ideal string-entity string-entity ideal prime - times D-lsqb;&rsqb; ğ‘¥ ğ‘ eq L-3 times ğ‘¡ ğ‘™ & ğ‘ times ğ‘¡ ğ‘” & ğ‘¥ ğ¼ principal amr-unknown"
B.85	multi-sentence try-01 i find-01 possible-01 reach-01 bug this string-entity ğ‘ cause-01 go-01 number step-01 infinity ordinal-entity 1 find-01 i string-entity equal-01 possible-01 reach-01 bug start-01 position string-entity ğ‘› string-entity ğ‘ eq times SUB ğ‘ minus ğ‘› 1 divide 1 2 SUB ğ‘ ğ‘› have-03 we condition string-entity eq 1 SUB ğ‘ ğ‘ boundary also
B.86	multi-sentence problem true-01 string-entity start-01 i solve-01 eq times SUP 2 times &quest; log SUB log 3 ğ‘› ğ‘› ğ‘‚ SUB SUP SUB sum eq 0 ğ‘˜ ğ‘› â‹… ğ‘˜ M-2x1 R ğ‘› R ğ‘˜ amr-unknown and think-01 i have-degree-91 thing bind-01 this upper large too way seem-01 possible-01 find-01 solve-01 -
B.87	multi-sentence true-01 string-entity $##$ in forall ğ‘› times ğ‘ \Bbb geq times SUB SUP SUB sum eq 1 ğ‘– ğ‘› divide 1 SUB ğ‘ ğ‘– SUB SUP SUB sum eq 1 ğ‘– ğ‘› SUB ğ‘ ğ‘– SUP ğ‘› 2 string-entity $##$ in forall ğ‘– times ğ‘ \Bbb in SUB ğ‘ ğ‘– times SUP ğ‘… plus \Bbb amr-unknown possible-01 prove-01 i hold-01 this and string-entity eq 1 ğ‘› string-entity eq 2 ğ‘› string-entity eq 3 ğ‘› use-01 lemma follow-04
B.88	possible-01 reduce-01 polynomial string-entity plus 1 times SUP ğ‘¥ 2 10 SUP ğ‘¥ 4 polynomial string-entity times D-lsqb;&rsqb; ğ‘¥ ğ‘ \mathbb amr-unknown
B.89	"exist-01 parametrizate-00 equation product-of eq plus SUP ğ· 2 SUP ğ¶ 2 plus SUP ğµ 2 SUP ğ´ 2 ""eqx"" know-01 complete-02 or number mean-01 positive rational-02 string-entity L-4 ğ´ ğµ ğ¶ ğ· integer equal-01 amr-unknown"
B.90	multi-sentence have-condition-91 equal-01 string-entity ğ´ matrix name times ğ‘› ğ‘› define-01 equal-01 thing inverse-01 string-entity ğ´ matrix have-03 property string-entity form-seq eq L-2 times SUB ğ¼ ğ‘› \mathbb and times ğ´ SUP ğ´ minus 1 eq L-2 times SUB ğ¼ ğ‘› \mathbb 1 times SUP ğ´ minus 1 ğ´ name times ğ‘› ğ‘› case-04 contrast-01 cause-01 make-01 thing state-01 false 1 string-entity eq times SUB ğ¼ ğ‘› \mathbb times ğ´ SUP ğ´ minus 1 or string-entity neq times SUB ğ¼ ğ‘› \mathbb times SUP ğ´ minus 1 ğ´ way other around amr-unknown
B.92	multi-sentence all infer-01 i possible-01 so-far this contrast-01 try-01 i look-01 or string-entity eq minus times ğ‘Œ ğ‘‹ minus SUP ğ‘‹ minus ğ‘ 1 1 1 times interval$O-O$$ ğ‘‹ ğ‘Œ ğ‘ƒ string-entity eq minus times ğ‘Œ ğ‘‹ minus SUP ğ‘‹ minus ğ‘ 1 1 ğ‘‹ 1 times interval$O-O$$ ğ‘‹ ğ‘Œ ğ‘ƒ string-entity times interval$C-C$$ ğ‘‹ ğ‘Œ SUB ğ¹ ğ‘ \mathbb number string-entity ğ‘ some prime have-trouble-04 determine-01 truth-value field quotient above
B.93	multi-sentence let-01 you matrix string-entity L-2 ğ´ ğµ size string-entity times ğ‘… \mathbb imperative possible-01 prove-01 i string-entity eq times minus times ğ¼ ğ‘¥ times ğ´ ğµ ğ‘¡ ğ‘’ ğ‘‘ times minus times ğ¼ ğ‘¥ times ğµ ğ´ ğ‘¡ ğ‘’ ğ‘‘ matrix and string-entity ğ´ string-entity ğµ singular amr-unknown
B.94	multi-sentence question-01 exist-01 set cause-01 intersect-01 thing each 2 finite number natural-03 string-entity SUP 2 SUB â„µ 0 amr-unknown need-01 i ignore-01 person have-03 string-entity ğ‘ƒ that thing read-01 family infinite
B.95	multi-sentence problem prove-01 equal-01 string-entity sin ğ‘¥ leg and string-entity eq ğ‘¥ times ğµ âˆ  hypotenuse 1 triangle right-04 see-01 i prove-01 base-02 it fact or satisfy-02 long-03 arc string-entity ğ‘¥ string-entity L-3 sin times ğ‘¡ ğ‘™ & ğ‘¥ times ğ‘¡ ğ‘™ & ğ‘¥ tan ğ‘¥ satisfy-02 string-entity L-3 sin times ğ‘¡ ğ‘™ & ğ‘¥ times ğ‘¡ ğ‘™ & ğ‘¥ minus plus 1 sin ğ‘¥ cos ğ‘¥ sometimes many cause-01 and equal-01 string-entity sin ğ‘¥ long-03 segment straight-04 equal-01 string-entity ğ‘¥ long-03 segment have-03 endpoint same-01 curve-01 clear-06 bind-01 have-degree-91 low-04 more motivate-01 find-01 derivative string-entity sin ğ‘¥ context before series elementary
B.96	multi-sentence let-01 sum-of converge-01 string-entity sum SUB sum ğ‘– SUB ğ‘ ğ‘– string-entity SUB ğ‘ ğ‘– diverge-01 string-entity sum SUB sum ğ‘– divide SUB ğ‘ ğ‘– plus SUB ğ‘ plus SUB ğ‘ plus â‹¯ 2 ğ‘– 1 ğ‘– SUB ğ‘ ğ‘– amr-unknown always
B.97	multi-sentence string-entity equal-01 string-entity eq 0 plus times SUB ğ‘¥ ğ‘š divide SUB ğ‘ ğ‘š SUB ğ‘ ğ‘š â€¦ times SUB ğ‘¥ 1 divide SUB ğ‘ 1 SUB ğ‘ 1 0 cause-01 have-condition-91 give-01 thing combine-01 coefficient natural-03 linear string-entity ğ‘› rate-entity-91 1 number real-04 finite dimension rate-entity-91 1 number real-04 every feel-02 i recommend-01 infinity thing answer-01 feel-02 false that cause-01 prove-01 you amr-unknown give-01 thing combine-01 coefficient rational multiply-01 string-entity ğ‘š string-entity
B.98	"multi-sentence possible-01 write-01 i string-entity string-entity ""eqx1011020eqx"" eq times D-lsqb;&rsqb; ğ‘¥ SUP ğ‘… ğ‘› D-lsqb;&rsqb; SUB ğ‘§ ğ‘¦ need-01 i prove-01 dense set string-entity in D-lsqb;&rsqb; ğ‘¥ SUP ğ‘† 1 all neighborhood string-entity D-lsqb;&rsqb; ğ‘¦ all possible-01 write-01 i string-entity ğ‘… string-entity eq SUP ğ‘’ times plus ğ›¼ ğ‘¥ ğ‘– ğœ‹ 2 times SUP ğ‘’ times ğ‘¥ ğ‘– ğœ‹ 2 ğ‘… cause-01 possible-01 write-01 string-entity string-entity eq SUP ğ‘’ times plus times ğ›¼ ğ‘› ğ‘¥ ğ‘– ğœ‹ 2 times SUP ğ‘’ times ğ‘¥ ğ‘– ğœ‹ 2 SUP ğ‘… ğ‘› times ğ‘¥ SUP ğ‘… ğ‘› string-entity ""eqx1015eqx"" 1"
B.201	"multi-sentence want-01 i see-01 truth-value have-manner-91 prove-01 assert-03 follow-04 matrix ring divide-02 way use-01 or theory person name ""wedderburn"" technique tensoring - elementary have-condition-91 have-03 matrix ring divide-02 string-entity times ğ‘› ğ‘› inverse right-04 have-03 inverse left-20 also contrast-01 have-03 assert-03 prove-01 matrix field elementary consider-02 i prove-01 matrix ring divide-02"
B.202	multi-sentence and some background motivate-01 contrast-01 show-01 field domain and finite-00 field name ğ· field name and subset ğ¸ subset ğ¹ ğ· field name ğ¸ field name ğ¹ integral ring cause-01 show-01 string-entity ğ‘… field string-entity subset ğ¹ ğ¸ in-fact string-entity ğ‘… question-01 this and hold-01 result have-degree-91 general-02 more significant seem-01 deserve-01 address-02 depend-01 -
B.203	cause-01 amr-unknown go-02 thing symbolize-01 thing add-02 equal-01 string-entity eq ğ‘¥ minus minus ğ‘¥ away
B.204	multi-sentence know-01 i define-01 correlate-01 string-entity ğ‘‹ string-entity ğ‘ agree-01 morphism 2 field residue property local-02 universal possible-01 define-01 i it product-01 string-entity string-entity $##$ interval$O-O$$ ğœ‹ SUP ğœ‹ â€² â†’ ğ‘‹ times SUB times ğ‘ ğ‘Œ ğ‘Œ $##$ ğ›¿ â†’ ğ‘Œ times SUB times ğ‘ ğ‘Œ ğ‘Œ fiber also question-01 i thing prove-01 same-01 set underlie-01 subscheme close-01 agree-01 morphism 2 set point contrast-01 probable clear-06 contain-01 former latter cause-01 amr-unknown all they
B.205	"multi-sentence equal-01 variable name ""n"" variable name ""i"" here contrast-01 remain-01 solve-01 1 equal-01 variable name ""x=n"" want-01 i find-01 truth-value possible-01 exist-01 solve-01 more any"
B.206	confuse-01 i thing limit-01 string-entity SUP plus divide 1 ğ‘› 1 ğ‘›
B.207	multi-sentence work-01 i problem this find-01 function follow-04 string-entity similar-to plus times divide 1 SUP ğ‘ 4 ğ‘‚ divide 1 times SUP ğ‘ 3 6 divide 1 times SUP ğ‘ 2 2 divide 1 ğ‘ 1 times ğ‘ ğ‘“ string-entity times ğ‘ ğ‘“ contrast-01 exemplify-01 have-03 we function give-01 side equation above hand right-04 string-entity ğ‘ input have-03 function string-entity mean-01 have-03 and function string-entity ğ‘“ function string-entity ğ‘” similar-to sum SUB sum geq ğ‘˜ 0 divide factorial ğ‘˜ SUP ğ‘ ğ‘˜ times ğ‘ ğ‘“ have-degree-91 close-10 most thing think-01 possible-01 equal-01 real-04 equation above ordinal-entity 1 -
B.208	"multi-sentence give-01 answer-01 person name ""claude"" ""leibovici"" question-01 publication name ""math"" ""stack"" ""exchange"" this mean-01 answer-01 ordinal-entity 2 asymptote number equal-01 number string-entity eq SUB SUP SUB sum eq 1 ğ‘– ğ‘› divide 1 SUP ğ‘– ğ‘˜ SUP SUB ğ» ğ‘› ğ‘˜ generalize-01 harmony contrast-01 possible-01 tell-01 someone and truth-value publish-01 result this thing derive-01 important-01 have-degree-91 more i + fit-06 this excellent-02 psychological"
B.209	evaluate-01 equal-01 string-entity SUB SUP SUB int 0 infinity times SUP ğ‘’ minus times d ğ‘¥ SUP ğ‘¥ 2 â„ integral definite
B.210	way amr-unknown show-01 equal-01 string-entity leq times minus 1 ğ‘¥ ğ‘¥ divide 1 4 elegant
B.211	string-entity int times root times root times root times root times root times root times d ğ‘¥ root times â€¦ SUP ğ‘¥ 8 2 2 2 2 2 2 2 SUP ğ‘¥ 7 SUP ğ‘¥ 6 SUP ğ‘¥ 5 SUP ğ‘¥ 4 SUP ğ‘¥ 3 SUP ğ‘¥ 2
B.212	multi-sentence and give-01 function string-entity eq SUB SUP SUB sum eq 0 ğ‘› infinity times SUP times ğ‘¥ 2 times ğ‘› 2 plus 1 times ğ‘› 2 times ğ‘¥ ğ‘“ i obligate-01 evaluate-01 cause-01 find-01 value-01 string-entity eq SUB SUP SUB sum eq 0 ğ‘› infinity divide plus 1 times ğ‘› 2 SUP 2 times ğ‘› 2 times divide 1 4 ğ‘“ string-entity times divide 1 4 ğ‘“ appreciate-02 i help-01 this any cause-01 lose-02 pretty
B.213	calculate-01 you equal-01 SUB SUP SUB sum eq 1 ğ‘¥ infinity divide minus ğ‘¥ 1 SUP 2 ğ‘¥ imperative
B.214	show-01 you equal-01 string-entity eq 1 SUB SUP SUB int minus infinity infinity times SUP ğ‘’ minus times d ğ‘¥ SUP ğ‘¥ 2 ğœ‹ imperative
B.215	multi-sentence cause-01 possible-01 write-01 set discontinuity function-01 arbitrary-02 union-02 count-01 possible-01 contrast-01 suppose-01 we dense cause-01 exist-01 cause-01 have-03 interval name ğ¼ interval name interval$O-O$$ ğ‘ ğ‘ set name eq SUB ğ‘› 0 ğ‘› nowhere - possible-01 contradict-01 possible-01 discontinuous entire derivative function-01 differ-02 everywhere - possible-01 set cause-01 set close-01 all name SUB ğ´ ğ‘› name eq SUB SUP SUB union eq 1 ğ‘› infinity SUB ğ´ ğ‘› ğ´
B.216	compute-01 you thing limit-01 imperative
B.217	multi-sentence question-01 find-01 area maximum triangle inscribed-01 ellipse string-entity eq 1 plus divide SUP ğ‘¦ 2 SUP ğ‘ 2 divide SUP ğ‘¥ 2 SUP ğ‘ 2 isosceles here solve-01 person teach-01 it consider-01 have-part-91 point mean-01 and string-entity interval$O-O$$ times cos ğœƒ ğ‘ times sin ğœƒ ğ‘ string-entity interval$O-O$$ times cos ğœƒ ğ‘ minus times sin ğœƒ ğ‘ arbitrary-02 ellipse 2
B.218	"multi-sentence number name ""wrt"" ""ramsey"" and have-03 i identity follow-04 give-01 string-entity leq times interval$O-O$$ ğ‘š ğ‘› ğ‘… plus times interval$O-O$$ ğ‘š minus ğ‘› 1 ğ‘… times interval$O-O$$ minus ğ‘š 1 ğ‘› ğ‘… have-03 and case follow-04 base string-entity eq ğ‘š times interval$O-O$$ ğ‘š 2 ğ‘… string-entity eq ğ‘› times interval$O-O$$ 2 ğ‘› ğ‘…"
B.219	try-01 i prove-01 identity follow-04 use-01 string-entity argue-01 combinatorial eq SUB SUP SUB sum eq 0 ğ‘˜ ğ‘Ÿ binomial plus ğ‘˜ ğ‘› ğ‘˜ binomial plus 1 ğ‘Ÿ ğ‘› ğ‘Ÿ
B.220	possible-01 prove-01 i identity eq binomial plus 1 ğ‘› ğ‘¥ ğ‘› SUB SUP SUB sum eq 0 ğ‘˜ ğ‘› binomial plus ğ‘˜ ğ‘¥ ğ‘˜ amr-unknown
B.221	multi-sentence possible-01 write-01 we string-entity form-01 string-entity mean-01 digit give-01 string-entity leq times ğ‘› ğ‘“ plus times SUP ğ‘› â€² ğ‘“ 1 times ğ‘˜ ğ‘“ lead-01 expand-01 string-entity ğ‘› binary string-entity SUP 2 ğ‘˜ just plus SUP ğ‘› â€² SUP 2 ğ‘˜ ğ‘› positive any example simple-02 write-01 string-entity eq floor log SUB log 2 ğ‘› times ğ‘› â„“ give-01 something resemble-01 string-entity leq times ğ‘› ğ‘” SUB SUP SUB sum eq 1 ğ‘˜ times ğ‘› â„“ plus 1 times ğ‘˜ ğ‘” thing pessimistic-02 think-01 i grow-01 something resemble-01 string-entity times â€¦ ğ‘› SUP â„“ 3 ğ‘› SUP â„“ 2 ğ‘› â„“ bind-01 upper
B.222	"multi-sentence possible-01 do-02 thing assign-01 this way amr-unknown know-01 i and recommend-01 add-01 string-entity ""a"" section and ""a"" ""b"" ""c"" ""d"" each recommend-01 start-01 we resemble-01 string-entity look-01 string-entity SUP minus SUP ğ‘’ ğ‘¥ 1 4 SUP plus â€¦ divide SUP ğ‘¥ 3 factorial 3 divide SUP ğ‘¥ 2 factorial 2 ğ‘¥ 4 as-long-as obligate-01 get-01 section every person new-01 employ-01"
B.223	prove-01 equal-01 string-entity eq SUP 2 ğ‘› SUB SUP SUB sum eq 0 ğ‘– ğ‘› times divide 1 SUP 2 ğ‘– binomial plus ğ‘– ğ‘› ğ‘– composite
B.224	multi-sentence below say-01 define-01 continuity string-entity ğœ€ contrast-01 define-01 point neighborhood string-entity ğ›¿ only 1 continue-01 string-entity times ğ‘¥ ğ‘“ obvious-01 string-entity eq 1.5 ğ‘¥ - define-01 continuity have-degree-91 small more number string-entity 0.5 positive string-entity equal-01 string-entity times ğ‘¥ ğ‘“ ğœ€ possible-01 find-01 we number string-entity ğ›¿ every positive value string-entity ğ‘¥ all any
B.225	"multi-sentence approach-02 problem this have-degree-91 good-02 most amr-unknown try-01 i formula sum-01 root and string-entity eq 3 plus SUB ğ›¼ 3 SUB ğ›¼ 2 SUB ğ›¼ 1 string-entity sum-01 and string-entity 1 string-entity 2 eq 3 plus SUB ğ›½ 3 SUB ğ›½ 2 SUB ğ›½ 1 3 person name ""vieta"" contrast-01 be-done-08 we root and only 1 amr-unknown"
B.226	parametrizate-01 curve string-entity eq ğ‘¦ SUP ğ‘¥ SUP ğ‘¥ ğ‘¦
B.227	contrast-01 contrast-01 expert-01 i subject this big - know-01 have-to-do-with-04 string-entity eq minus divide 1 12 plus times â€¦ 3 2 1 mathematics real-04 contrast-01 have-to-do-with-04 function zeta all - and watch-01 video mathematics equation perfect-02 actual-02 series string-entity plus times â€¦ 3 2 1 et-cetera string-entity divide times plus 1 ğ‘¥ ğ‘¥ 2
B.228	"multi-sentence let-01 we equal-01 string-entity eq SUB SUP SUB int 0 plus infinity times plus times d ğ‘¡ ğ‘¡ ğ‘¥ divide SUP ğ‘¡ 3 3 ğ‘  ğ‘œ ğ‘ times ğ‘¥ ğ‘“ imperative find-01 equal-01 string-entity eq SUB SUP SUB int minus infinity plus infinity times d ğ‘¡ plus ğ‘¦ ğ‘¡ ğ‘“ plus ğ‘¥ ğ‘¡ ğ‘“ times interval$O-O$$ ğ‘¥ ğ‘¦ ğ¹ imperative and try-01 i explore-01 string-entity ""f(x)"" take-01 part get-04 converge-01 difficult cause-01 and be-located-at-91 product integral there know-01 thing do-02 string-entity ""f(x,y"" - investigate-01"
B.229	multi-sentence integral string-entity mean-01 represent-01 string-entity S-1 ğ‘¥ part fraction string-entity ğ‘¥ SUB SUP SUB int 0 1 times d ğ‘¥ S-1 minus 1 divide 1 ğ‘¥ S-1 divide 1 minus 1 ğ‘¥ S-1 divide 1 ğ‘¥ contrast-01 try-01 i break-01 it use-01 define-01 piecewise ordinal-entity 1 possible-01 figure-out-05 do-02 cause-01 pattern spot-01 possible-01 consistent-02 -
B.230	"multi-sentence and go-through-20 i define-01 string-entity ""ramsey number"" have-03 question-01 thing define-01 basic question-01 same-01 string-entity fragments r fragments $ SUB ğ‘› 1 &comma; SUB ğ‘› 2 &comma; . . SUB ğ‘› ğ‘ $$ or string-entity fragments r fragments $ SUB ğ‘› 2 &comma; SUB ğ‘› 1 &comma; . . SUB ğ‘› ğ‘ $$ permutation string-entity fragments SUB ğ‘› 1 &comma; SUB ğ‘› 2 &comma; . . SUB ğ‘› ğ‘ other color-01 edge graph complete-02 string-entity times V-3 SUB ğ‘› 1 â€¦ SUB ğ‘› ğ‘ ğ‘… order color ""c"" seem-01 imply-01 thing define-01 right-06 i just"
B.231	multi-sentence recommend-01 resemble-01 this case-04 this amr-unknown - equal-01 and string-entity eq 0 limit SUB limit â†’ ğ‘¥ infinity divide 1 ğ‘¥ string-entity infinity value same-01 context this amr-unknown - miss-02 i amr-unknown here
B.232	multi-sentence confuse-01 i variant include-91 variant define-01 norm induce-01 matrix 2 2 define-01 norm string-entity form-seq eq L-2 max SUB max neq 0 ğ¯ divide norm times ğ¯ ğ´ norm ğ¯ times ğ‘Ÿ ğ‘œ ğ‘“ norm ğ´ in ğ´ SUP â„ times ğ‘› ğ‘› cause-01 norm string-entity include-91 norm string-entity SUP â„ ğ‘› eq divide ğ¯ norm ğ¯ ğ° try-01 i deduce-01 variant mean-01 string-entity mean-01 string-entity fragments v eq divide fragments âˆ¥ v âˆ¥ v fragments âˆ¥ v âˆ¥ eq w âˆ¥ v âˆ¥ eq max SUB max eq 1 norm ğ° norm times ğ° ğ´ norm ğ´ ordinal-entity 2 cause-01 know-01 thing continue-01 here -
B.233	and thing motivate-01 define-01 thing vectors-01 tangent derive-01 thing cause-01 recommend-01 act-02 they string-entity in ğ‘“ times ğ‘€ SUP ğ¶ infinity
B.234	"multi-sentence let-01 polynomial string-entity ğ‘“ say-01 theorem name ""sard's"" ""throne"" measure-01 image string-entity times ğ‘ ğ‘“ set value critical-02 string-entity eq conditional-set in ğ‘ ğ‘‹ eq 0 times ğ‘ SUP ğ‘“ â€² ğ‘ zero amr-unknown want-01 i show-01 measure-01 set string-entity ğ‘ 0 domain string-entity ğ‘“"
B.235	method solve-01 equation diophantine product-of eq SUP ğ‘¦ 2 plus ğ‘ times ğ‘¥ ğ‘ times SUP ğ‘¥ 2 ğ‘
B.236	"multi-sentence say-01 reference-04 and publication name ""wikipedia"" elsewhere equal-01 distribution parametrize-01 string-entity eq V-3 SUB ğ›¼ 1 â€¦ SUB ğ›¼ ğ¾ ğœ¶ name ""dirichlet"" string-entity equal-01 string-entity eq divide SUB SUP SUB product eq 1 ğ‘– ğ¾ times SUB ğ›¼ ğ‘– Î“ times SUB SUP SUB sum eq 1 ğ‘– ğ¾ SUB ğ›¼ ğ‘– Î“ times ğœ¶ B eq times divide 1 times SUB SUP SUB product eq 1 ğ‘– ğ¾ SUP SUB ğ‘¥ ğ‘– minus SUB ğ›¼ ğ‘– 1 ğœ¶ B times V-3 SUB ğ‘¥ 1 â€¦ SUB ğ‘¥ ğ¾ ğ· equal-01 string-entity eq times ğœ¶ divide 1 B times interval$O-O$$ SUB ğ‘¥ 1 SUB ğ‘¥ 2 ğ· cause-01 equal-01 string-entity eq 1 times interval$O-O$$ SUB ğ‘¥ 1 SUB ğ‘¥ 2 ğ· string-entity L-2 SUB ğ‘¥ 1 SUB ğ‘¥ 2 all and string-entity eq 2 ğ¾ string-entity and eq 1 eq SUB ğ›¼ 2 SUB ğ›¼ 1 string-entity and eq 1 eq times 2 divide times SUP 1 2 Î“ Î“ times ğœ¶ B"
B.237	multi-sentence want-01 i rewrite-01 type imply-01 thing double-01 simple-02 - follow-01 and string-entity â†’ and times ğ‘ not ğ‘ ğ‘Ÿ string-entity â†’ and times ğ‘ not ğ‘ and ğ‘ ğ‘Ÿ string-entity fragments fragments $ â†” p fragments $ q â†’ r $$ â†’ r $$ thing propose-01 obligate-01 we write-01 imply-01 - thing propose-01 or thing resemble-01 string-entity and ğ‘Ÿ times ğ‘ not ğ‘ propose-01 ordinal-entity 1 mean-01 something else amr-unknown this
B.238	multi-sentence follow-04 cause-01 know-01 we thing mean-01 string-entity similar-to ğ‘ ğ‘ intuitive and equal-01 string-entity similar-to string-entity similar-to ğ‘ ğ‘ equal-01 string-entity similar-to work-01 intuition relation string-entity similar-to equate-01 now cause-01 have-condition-91 relation string-entity ğ‘… equate-01 and reflexive symmetric transitive see-01 and imply-01 string-entity similar-to string-entity similar-to 1 imply-01 string-entity similar-to 3 now
B.239	multi-sentence let-01 you relation-03 string-entity ğ‘… transitive symmetric imperative imply-01 property string-entity in interval$O-O$$ ğ‘¦ ğ‘¥ ğ‘… string-entity in interval$O-O$$ ğ‘¥ ğ‘¦ ğ‘… possible-01 conclude-01 we string-entity in interval$O-O$$ ğ‘¥ ğ‘¥ ğ‘… use-01 property and string-entity interval$O-O$$ ğ‘¥ ğ‘¦ string-entity interval$O-O$$ ğ‘¦ ğ‘¥
B.240	multi-sentence and get-01 thing result-01 bhaskar get-01 string-entity eq times ğ‘ ğ‘ 4 â€“ SUP ğ‘ 2 Î” get-01 string-entity fragments x eq fragments $ â€“b plus-or-minus divide root Î” 2 2 $$ a $$ then contrast-01 come-01 constant this amr-unknown
B.241	equal-01 string-entity minus plus times SUP ğ‘› 2 6 SUP ğ‘› 3 times ğ‘› 7 -
B.242	"multi-sentence show-01 you have-degree-91 number name ğ‘ ""eqx"" great more number name 3 ""eqx"" imperative divide-02 number name 24 ""eqx"" string-entity minus SUP ğ‘ 2 1 even-02 even-02 have-03 we string-entity eq ğ‘˜ divide times minus ğ‘ 1 plus 1 ğ‘ 24 cause-01 and string-entity eq â‹… SUP 2 3 3 24 contain-01 numerator factor even-02 at-least 1 always now since or correct-02 reason-01 i here miss-02 something here amr-unknown"
B.243	have-condition-91 equal-01 eq 1 ğ‘¥ equal-01 fragments SUP 2 times ğ‘˜ 2 minus SUP ğ‘¥ 2 | SUP 2 times ğ‘˜ 2 minus 1
B.244	multi-sentence let-01 relation-03 equal-01 define-01 string-entity â‡” times ğ‘ ğ‘… ğ‘ in minus ğ‘ ğ‘ â„¤ string-entity ğ‘… cardinality mean-01 string-entity divide â„ ğ‘… quotient string-entity â„ string-entity ğ‘… string-entity abs divide â„ ğ‘…
B.245	equal-01 that equal-01 string-entity eq sin ğ‘§ times times ğ‘§ ğ‘“ ğ‘“ string-entity in ğ‘§ â„¤
B.246	multi-sentence cause-01 string-entity eq divide SUP 180 compose ğ‘› ğœƒ cause-01 get-01 we string-entity eq plus csc times ğœƒ 3 csc times ğœƒ 2 csc ğœƒ then string-entity sure-02 i proceed-01 there amr-unknown quite cause-01 seem-01 work-09 use-01 formula angle triple double - -
B.247	multi-sentence coordinate-01 and point name ğ´ point name ğµ amr-unknown come-01 i mean-01 coordinate-01 point circle string-entity ğ¶ name ğ‘ƒ and string-entity eq times cos ğœƒ 5 ğ‘¥ string-entity eq plus times sin ğœƒ 5 8 ğ‘¦ far this contrast-01 recommend-01 use-01 this find-01 and point name ğ´ point name ğµ now know-01 thing proceed-01 -
B.248	multi-sentence let-01 you and group order-03 even string-entity ğº abelian group string-entity assign ğ‘€ conditional-set in ğ‘” ğº eq ğ‘’ SUP ğ‘” 2 imperative and easy-05 show-01 sugroup include-91 string-entity ğº string-entity ğ‘€ obligate-01 power-01 element string-entity ğ‘€ string-entity 2
B.249	multi-sentence obligate-01 i show-01 group group string-entity have-03 operate-01 define-01 string-entity rate-entity-91 string-entity in ğ‘” ğº every eq ğ‘’ times ğ‘” ğ‘” follow-04 V-3 ğº times ğ‘’ abelian obligate-01 one show-01 commutative group only do-02 that
B.250	show-01 string-entity leq SUP times SUB ğ‘ ğ‘› â€¦ SUB ğ‘ 2 SUB ğ‘ 1 divide 1 ğ‘› divide SUB SUP SUB sum eq 1 ğ‘– ğ‘› SUB ğ‘ ğ‘– ğ‘› amr-unknown
B.251	multi-sentence contrast-01 try-01 i solve-01 this multiple temporal-quantity 1 hour seem-01 possible-01 do-02 just - and know-01 i obligate-01 show-01 string-entity instead-of-91 assume-02 string-entity lt SUP plus 1 ğ‘˜ divide 1 plus 1 ğ‘˜ SUP ğ‘˜ divide 1 ğ‘˜ start-01 and lt SUP plus 1 ğ‘˜ divide 1 plus 1 ğ‘˜ lt SUP plus 2 ğ‘˜ divide 1 plus 2 ğ‘˜ â€¦ welcome-01 hint-01 any high-02
B.252	"multi-sentence publication-91 person name ""julian"" ""havil"" publication name ""exploring"" ""euler's"" ""constant"" person name ""gamma"" know-01 equal-01 string-entity and eq divide SUP ğœ‹ 2 6 eq plus â‹¯ divide 1 SUP 3 2 divide 1 SUP 2 2 divide 1 SUP 1 2 times 2 ğœ prove-01 person name ""euler"" nice-01 quite well mathematics especially pop like-02 i location appear-01 constant this trivial-02 else"
B.253	"multi-sentence show-01 i result integrate-01 contour below string-entity mean-01 string-entity ""a>b>0"" eq times minus ğ‘ ğ‘ ğœ‹ SUB SUP SUB int minus infinity infinity times d ğ‘¥ divide minus cos times ğ‘¥ ğ‘ cos times ğ‘¥ ğ‘ SUP ğ‘¥ 2 amr-unknown appreciate-02 help-01 any thank-01 you great"
B.254	possible-01 get-01 i hint some thing solve-01 thing equal-01 string-entity eq SUB SUP SUB int 0 ğœ‹ divide times ğ‘¥ ğ‘‘ ğ‘¥ minus 1 times ğ‘¥ ğ‘  ğ‘œ ğ‘ ğ‘¥ ğ‘› ğ‘– ğ‘  ğ¼ this integral amr-unknown
B.255	multi-sentence come-across-21 i problem find-01 integral string-entity proportional-to this ordinal-entity 1 have-03 i distribute-01 string-entity proportional-to times interval$O-O$$ ğ‘¥ ğ‘¦ SUB ğ‘“ L-2 ğ‘‹ ğ‘Œ exp minus times ğ‘¦ ğ‘¥ 13 times SUP ğ‘¥ 2 94 times SUP ğ‘¦ 2 divide 1 2 joint attempt-01 find-01 string-entity times ğ‘¥ SUB ğ‘“ ğ‘‹ follow-04
B.256	"multi-sentence and learn-01 i limit-01 possible-01 understand-01 something mean-01 have-condition-91 have-03 we limit-01 string-entity eq divide minus SUP ğ‘¥ 2 1 minus ğ‘¥ 1 times ğ‘¥ ğ‘“ quite - obligate-01 we want-01 see-01 value approach-01 close-10 numerical-quantity 1 have-degree-91 more y mean-01 image we take-01 limit-01 string-entity limit SUB limit â†’ ğ‘¥ 1 divide minus SUP ğ‘¥ 2 1 minus ğ‘¥ 1 follow-04 this realize-01 continue-01 function-01 - equal-01 variable name ""x"" variable name ""1"" as-soon-as look-01 function-01 possible-01 say-01 i that by-the-way"
B.257	multi-sentence and sit-01 i analyze-01 yesterday take-01 we limit-01 express-01 some natural-03 think-01 i and rule-01 transform-01 linear-02 string-entity eq plus times limit SUB limit â†’ ğ‘¥ ğ‘˜ times ğ‘¥ ğ‘” ğ‘ times limit SUB limit â†’ ğ‘¥ ğ‘˜ times ğ‘¥ ğ‘“ ğ‘ limit SUB limit â†’ ğ‘¥ ğ‘˜ times plus times ğ‘¥ ğ‘” times ğ‘¥ ğ‘“ ğ‘ abide-01 take-01 limit-01 some appear-02 homomorphism and string-entity eq limit SUB limit â†’ ğ‘¥ ğ‘˜ times ğ‘¥ ğ‘” ğ‘¥ ğ‘“ limit SUB limit â†’ ğ‘¥ ğ‘˜ times times ğ‘¥ ğ‘” ğ‘“ et-cetera also question-01 i thing limit-01 amr-unknown mathematics real-04 anyway
B.258	prove-01 string-entity eq 0 limit SUB limit â†’ ğ‘¥ infinity divide SUP ğ‘¥ ğ‘˜ SUP ğ‘’ ğ‘¥ mean-01 number positive any amr-unknown
B.259	multi-sentence possible-01 find-01 i equal-01 string-entity ğ‘ string-entity eq SUP ğ‘› ğ‘ SUP 2 ğ‘› cause-01 amr-unknown cause-01 true-01 this rate-entity-91 case-04 finite every seem-01 grow-01 string-entity SUP 2 ğ‘› have-degree-91 fast-02 more cause-01 possible-01 find-01 we equal-01 string-entity ğ‘ match-01 string-entity ğ‘› any
B.260	multi-sentence use-01 i coordinate-01 pole need-01 i calculate-01 thing limit-01 equal-01 product-of 534 0 get-01 thing equal-01 product-of 535 0
B.261	show-01 you equal-01 string-entity eq SUB SUP SUB sum eq 0 ğ‘˜ ğ‘› times SUP ğ›½ ğ‘˜ SUP ğ›¼ minus ğ‘› ğ‘˜ det SUB ğ‘‡ ğ‘› imperative
B.262	"multi-sentence give-01 express-01 have-condition-91 equal-01 string-entity ""a^-=eqx"" string-entity ""a"" equal-01 string-entity ""a\geq 0"" string-entity ""0$ else"" part negative-02 denot-01 string-entity ğ‘ possible-01 and number real-04 string-entity ğ‘ have-03 and part positive part negative-02 amr-unknown and negative-02 and string-entity SUP ğ‘ plus string-entity SUP ğ‘ minus - hold-01 relation-03 follow-04 string-entity eq minus SUP ğ‘ plus SUP ğ‘ minus ğ‘ and text above book i optimize-01 person compile-01 possible-01 understand-01 -"
B.263	multi-sentence and pertain-01 it side mathematics thing have-degree-91 more interest-01 i specific-02 interplay-01 concept and level syntax level semantics and determine-01 amr-unknown need-01 use-01 and term separate-02 2 shorthand separate-02 2 separate-01 amr-unknown anything seem-01 express-01 thing state-01 both thing same-01 level function-01 possible-01 capture-01 thing correspond-02 condition-01 material rule-01 infer-01 any take-04 we modus-ponens know-01 well
B.264	multi-sentence stick-01 i perform-02 operate-01 arithmetic some point 1 want-01 i know-01 truth-value possible-01 write-01 string-entity resemble-01 string-entity fragments SUP ğ‘ times ğ‘ percent ğ‘ $$ percent p fragments SUP ğ‘ ğ‘ $$ percent p
B.265	show-01 possible-01 integer string-entity SUP divide ğ‘ ğ‘ 2 - situation this amr-unknown
B.266	multi-sentence mean-01 string-entity divide rem ğ‘ ğ‘ ğ‘ terminate-01 string-entity divide ğ‘ ğ‘ process-02 this initial string-entity in interval$O-O$$ ğ‘ ğ‘ times setdiff â„• S-1 0 â„• terminate-01 iterate-01 arrive-01 you or fraction mean-01 numerator string-entity leq proper integer define-01 i example complicate-01 suffice-01 string-entity and â†’ divide 1 3 â†’ plus divide 1 3 1 â†’ divide 4 3 â†’ plus divide 2 3 2 â†’ divide 8 3 â†’ divide 14 3 plus divide 2 3 4 terminate-01 amr-unknown always
B.267	"multi-sentence equal-01 string-entity eq plus SUB SUP SUB sum eq 1 ğ‘– ğ‘š times ğ‘¥ SUB ğ‘“ ğ‘– SUB ğœ† ğ‘– times ğ‘¥ SUB ğ‘“ 0 times interval$O-O$$ ğ‘¥ ğœ† ğ¿ contrast-01 equal-01 string-entity string-entity ""lagrangian"" string-entity eq minus infimum SUB infimum ğ‘¥ times interval$O-O$$ ğ‘¥ ğœ† ğ¿ L-2 minus times ğœ† ğ‘” and wonder-01 i truth-value case-04 dual-01 thing name ""lagrange"" have-03 time hard-02 show-01 suspect-01 i true-01 primal dual-01 general-02 - and let-01 you and string-entity L-2 times ğ‘¥ SUB ğ‘“ 0 equal-01 problem imperative equal-01 string-entity form-seq leq L-2 times ğ‘¥ SUB ğ‘“ ğ‘– 0 eq L-3 1 â€¦ ğ‘š ğ‘– string-entity leq L-2 minus ğœ† 0"
B.268	find-01 you thing value-01 thing name times ğœ† ğ‘ expect-01 imperative
B.269	"multi-sentence probable boy child both amr-unknown cause-01 this and build-01 we space sample-01 string-entity eq S-1 times interval$O-O$$ ğ‘” ğ‘” interval$O-O$$ ğ‘ ğ‘” interval$O-O$$ ğ‘ ğ‘ ğ‘† let-01 case-04 boy string-entity eq S-1 interval$O-O$$ ğ‘ ğ‘ ğ¸ event string-entity ""e"" string-entity cause-01 string-entity and eq divide 1 2 eq divide divide 1 divide 2 3 3 eq divide times intersect ğ¹ ğ¸ ğ‘ƒ times ğ¹ ğ‘ƒ times c ğ¸ ğ¹ ğ‘ƒ conditional ""f"" contrast-01 and give-01 answer string-entity divide 1 3 book i possible-01 understand-01 thing cause-01 -"
B.270	multi-sentence expect-01 number head amr-unknown before event find-01 i possible-01 solve-01 it use-01 string-entity recursion-00 equal-01 string-entity eq plus 1 times minus ğ‘› 1 ğ¸ times ğ‘› ğ¸ eq plus times plus times times minus ğ‘› 1 ğ¸ divide 1 2 1 times ğ‘› ğ¸ divide 1 2 times ğ‘› ğ¸ base-02 link give-01 comment-01 amr-unknown
B.271	"multi-sentence let-01 you sequence variable depend-01 - product-of S-1 SUB ğ‘‹ ğ‘› equal-01 eq 0 times SUB ğ‘‹ ğ‘› ğ”¼ random string-entity geq ğ‘› 1 imperative find-01 probability event name fragments SUB limit-supremum â†’ ğ‘› infinity fragments { SUB ğ‘‹ ğ‘› SUB ğ‘‹ plus 1 ğ‘› gt 0 } imperative think-01 i recommend-01 equal-01 1 cause-01 positive thing name ""gaussian"" value finite always ordinal-entity 1"
B.272	"multi-sentence cause-01 consider-01 define-01 person mathematics or string-entity eq minus 1 SUP ğ‘– 2 string-entity eq root minus 1 2 ğ‘– string-entity eq minus ğ‘¦ ğ‘¥ string-entity eq ğ‘¥ times ğ‘¦ go-through-20 person lot line show-01 below reason-01 this justify-01 possible-01 negative-03 and string-entity ""a"" string-entity ""b"" - have-concession-91 instance specific-02 this fail-01 we property this"
B.273	"multi-sentence answer-01 question-01 root-of variable name ""x"" variable name ""1/2"" string-entity SUP ğ‘¥ 2 cause-01 string-entity simplify-01 cause-01 possible-01 string-entity rule general-02 and eq SUP ğ‘¥ ğ‘ eq SUP ğ‘¥ divide 1 continued-fraction 1 ğ‘ root ğ‘¥ continued-fraction 1 ğ‘ string-entity SUP ğ‘¥ 2 eq SUP ğ‘¥ divide 1 continued-fraction 1 2 root ğ‘¥ continued-fraction 1 2 logic i"
B.274	"multi-sentence contrast-01 prove-01 i be-located-at-91 distribution thing name ""dirac"" name SUB ğ›¿ 0 space every thing name eq conditional-set in ğ‘“ times SUP ğ‘ ğ‘› SUP ğ’® â€² in times ğ‘“ â„± SUP plus SUP abs ğœ‰ divide ğ‘  2 2 1 times SUP ğ‘ ğ‘› SUP ğ¿ 2 times SUP ğ‘ ğ‘› SUP ğ» ğ‘  name ""sobolev"" ""space"" steel-02 wrestle-01 belong-01 distribution thing name ""heaviside"" name ğ» space any name times â„ SUP ğ» ğ‘  - possible-01 elaborate-01 you that amr-unknown"
B.275	multi-sentence possible-01 show-01 i equal-01 string-entity eq times divide ğœ‹ 2 limit SUB limit â†’ ğ´ infinity SUB SUP SUB int 0 ğ´ times d ğ‘¥ divide sin ğ‘¥ ğ‘¥ amr-unknown know-01 i possible-01 use-01 fact equal-01 string-entity gt ğ‘¥ 0 string-entity eq SUB SUP SUB int 0 infinity times SUP ğ‘’ minus times d ğ‘¡ ğ‘¡ ğ‘¥ SUP ğ‘¥ minus 1 sure-02 thing begin-01 -
B.276	multi-sentence let-01 you and equal-01 in ğ‘˜ â„• equal-01 gt ğ‘ 1 imperative show-01 you equal-01 eq 0 limit SUB limit â†’ ğ‘› infinity divide SUP ğ‘› ğ‘˜ SUP ğ‘ ğ‘› imperative
B.277	multi-sentence amr-unknown contrast-01 possible-01 silly this go-06 it here let-01 you number satisfy-02 equal-01 string-entity geq divide ğ‘† ğ‘› root ğ‘ƒ ğ‘› real-04 string-entity gt L-2 ğ‘ƒ ğ‘† 0 positive imperative exist-01 cause-01 equal-01 string-entity form-seq eq sum SUB ğ‘ ğ‘– ğ‘† eq product SUB ğ‘ ğ‘– ğ‘ƒ sequence real-04 number string-entity L-3 SUB ğ‘ 1 â€¦ SUB ğ‘ ğ‘›
B.278	function-01 cause-01 contrast-01 equal-01 string-entity subset times â„š ğ‘“ â„š equal-01 string-entity not-subset-of-or-equals times â„š SUP ğ‘“ â€² â„š - differ-02 amr-unknown
B.279	multi-sentence question-01 suppose-01 have-03 string-entity $##$ ğ‘“ â†’ interval$O-O$$ minus ğ›¿ ğ›¿ interval$O-O$$ 0 infinity property show-01 string-entity string-entity eq 1 limit SUB limit â†’ ğ‘¥ 0 times ğ‘¥ ğ‘“ eq 2 limit SUB limit â†’ ğ‘¥ 0 plus divide 1 times ğ‘¥ ğ‘“ times ğ‘¥ ğ‘“ approach-02 i let-01 be-located-at-91 string-entity $##$ â„ â†’ interval$O-O$$ minus ğ›¿ ğ›¿ interval$O-O$$ minus 1 infinity string-entity form-seq eq minus times ğ‘¥ ğ‘“ 1 times ğ‘¥ â„ in forall ğ‘¥ interval$O-O$$ minus ğ›¿ ğ›¿ note-01 you be-done-08 we possible-01 show-01 string-entity eq 0 limit SUB limit â†’ ğ‘¥ 0 times ğ‘¥ â„ imperative
B.280	"multi-sentence and see-01 i it lot field also use-01 we possible-01 see-01 you continue-01 function-01 execute-02 at-all - derivative have-03 function-01 discontinuous clear-06 exemplify-01 have-purpose-91 calculate-01 amount optimal-01 thing add-02 thing name ""ripple"" minimize-01 time process-02 add-02 execute-02 cause-01 and mean-01 number string-entity ğ‘› bit number add-02 number natural-03 string-entity ğ‘˜ string-entity eq root divide ğ‘› 2 2 ğ‘˜ string-entity mean-01 gate mean-01 take-10 operate-01 delta ğ‘˜"
B.281	method alternate-01 prove-01 equal-01 string-entity â†’ SUP ğ‘› divide 1 ğ‘› 1 string-entity in ğ‘› â„•
B.282	multi-sentence have-03 i question-01 equal-01 string-entity SUB SUP SUB sum eq 1 ğ‘› infinity divide 1 SUP ğ‘› 2 string-entity divide SUP ğœ‹ 2 6 know-01 i possible-01 prove-01 or analyze-01 standard-02 variable 1 work-01 or string-entity arcsin something resemble-01 analyze-01 basic complex contrast-01 tell-01 someone prove-01 it use-01 analyze-01 function-01 also great
B.283	multi-sentence determine-01 truth-value or converge-01 string-entity SUB ğ‘¥ ğ‘› diverge-01 give-01 and string-entity and gt 0 assign SUB ğ‘¥ 1 ğ‘ string-entity assign SUB ğ‘¥ plus 1 ğ‘› plus divide 1 SUB ğ‘¥ ğ‘› SUB ğ‘¥ ğ‘› string-entity in ğ‘› â„• seem-01 obvious-01 and increase-01 sequence strict positive always cause-01 add-02 we number element each subsequent always since string-entity gt SUB ğ‘¥ 1 0
B.284	multi-sentence have-quant-91 thing enough prove-01 state-01 possible-01 represent-01 string-entity in ğ‘› â„• rational any form decimal repeat-01 digit many infinite follow-04 true-01 this string-entity mean-01 equal-01 string-entity ğ‘š eq plus divide 1 ğ‘› â€¦ divide 1 ğ‘› divide 1 ğ‘› divide ğ‘š ğ‘› true-01
B.285	determine-01 formula sum-of series formula resemble-01 or string-entity eq plus ğ‘› SUP ğ‘› 2 SUB ğ‘ˆ ğ‘› string-entity eq plus 5 minus times SUP ğ‘› 2 6 times ğ‘› 12 SUB ğ‘ˆ ğ‘› term ordinal-entity 3 amr-unknown
B.286	multi-sentence let-01 you and decrease-01 string-entity SUB ğ‘ ğ‘› positive imperative imply-01 converge-01 string-entity sum SUB ğ‘ ğ‘˜ string-entity eq 0 limit SUB limit â†’ ğ‘› plus infinity times SUB ğ‘ ğ‘› ğ‘› then think-01 i thing cause-01 positive string-entity times SUB ğ‘ ğ‘› ğ‘› do-02 only find-01 bind-01 sequence upper
B.287	form close-01 amr-unknown string-entity SUB SUP SUB sum eq 1 ğ‘– ğ‘› divide times ğ‘– 2 SUP 2 ğ‘–
B.288	multi-sentence question-01 i converge-01 series below also amr-unknown here change-01 sign term string-entity L-3 sum divide times sin ğ‘› ğ‘› sum divide sin ğ‘› times abs sin ğ‘› ğ‘› every speak-01 loose surprise-01 converge-01 it - i
B.289	find-01 you thing general-02 solve-01 equal-01 plus SUP ğ‘§ ğ‘› SUP ğ‘¦ ğ‘› SUP ğ‘¥ ğ‘› imperative
B.290	method have-degree-91 good-02 most prove-01 possible-01 divide-02 string-entity minus times SUP 11 plus 1 times ğ‘› 2 7 SUP 3 minus times ğ‘› 4 1 string-entity 10
B.291	multi-sentence have-03 i series mean-01 and string-entity SUB SUP SUB sum eq 1 ğ‘› infinity divide SUB SUP SUB product eq 1 ğ‘˜ ğ‘› SUP times ğ‘˜ 2 2 factorial plus 2 times ğ‘› 2 string-entity SUB SUP SUB sum eq 0 ğ‘› infinity divide SUB SUP SUB product eq 0 ğ‘˜ ğ‘› SUP plus 1 times ğ‘˜ 2 2 factorial plus 3 times ğ‘› 2 follow-04 2 figure-out-05 i product mean-01 and string-entity eq times SUP factorial ğ‘› 2 SUP 4 ğ‘› SUB SUP SUB product eq 1 ğ‘˜ ğ‘› SUP times ğ‘˜ 2 2 string-entity eq divide SUP factorial plus 1 times ğ‘› 2 2 times SUP factorial ğ‘› 2 SUP 4 ğ‘› SUB SUP SUB product eq 0 ğ‘˜ ğ‘› SUP plus 1 times ğ‘˜ 2 2 part ordinal-entity ğ‘› cause-01 become-01 they string-entity follow-04 eq SUB SUP SUB sum eq 1 ğ‘› infinity divide times SUP factorial ğ‘› 2 SUP 4 ğ‘› factorial plus 2 times ğ‘› 2 SUB SUP SUB sum eq 1 ğ‘› infinity divide SUB SUP SUB product eq 1 ğ‘˜ ğ‘› SUP times ğ‘˜ 2 2 factorial plus 2 times ğ‘› 2 put-01 series back diverge-01 this expect-01 test-01 limit now
B.292	multi-sentence and try-01 i use-01 lemma ratio tackle-01 and thing question-01 this fact also string-entity geq SUP plus 1 ğ‘› ğ‘˜ plus times ğ‘˜ ğ‘› 1 reach-01 thing answer-01 - recommend-01 go-03 i solve-01 problem this amr-unknown
B.293	sum-up-01 thing property-02 name SUB SUP SUB sum eq 2 ğ‘— minus ğ‘› 1 SUP ğ‘— 2
B.294	multi-sentence look-01 i thing reference-04 answer-01 thing question-01 title let-01 you try-01 i clarify-10 mean-01 recommend-01 touch-on-04 one concept call-01 possible-01 hyper-hypercohomology have-03 sheaf single-02 string-entity â„± resolution string-entity SUP ğ’¢ âˆ™ object inject-01 need-01 - imperative
B.295	multi-sentence need-01 i help-01 understand-01 thing solve-01 task this cause-01 lose-02 bit moment use-01 you thing equal-01 string-entity eq divide 1 minus 1 ğ‘¥ times ğ‘¥ ğ‘“ power-01 decide-01 sum-01 series equal-01 and string-entity SUB SUP SUB sum eq 1 ğ‘› infinity times SUP ğ‘¥ ğ‘› plus 1 ğ‘› ğ‘› string-entity SUB SUP SUB sum eq 1 ğ‘› infinity divide times plus 1 ğ‘› ğ‘› SUP 3 ğ‘› imperative understand-01 i manipulate-01 sum-01 use-01 series power-01 function -
B.296	contrast-01 know-01 we string-entity write-out-03 possible-01 form-seq eq SUB SUP SUB sum eq 0 ğ‘› infinity divide SUP ğ‘¥ ğ‘› factorial ğ‘› SUP ğ‘’ ğ‘¥ in ğ‘¥ â„ define-01 string-entity SUP 0 0 well -
B.297	"multi-sentence idea any location start-01 i possible-01 state-01 find-01 integer satisfy-02 string-entity include-91 string-entity function name ""euler's"" ""phi"" italic-Ï• eq 320 times ğ‘› italic-Ï• variable name ""n"" all"
B.298	"multi-sentence struggle-02 i understand-01 transform-01 function-01 delta thing name ""dirac"" vary-01 transform-01 mean-01 constant and string-entity L-2 ğ‘ ğ‘ string-entity ğ‘ here specific-02 thing type follow-01 name â†’ times minus times ğ‘§ ğœ’ ğ‘ ğ‘ ğ›¿ times minus ğ‘§ ğ‘ ğ›¿ relation-03 string-entity times ğ‘§ ğœ’ string-entity times ğ‘§ ğ» mean-01 function-01 string-entity ğ‘§ string-entity vary-01 smooth-06 positive"
B.299	contrast-01 prove-01 equal-01 string-entity eq divide 1 2 minus cos divide ğœ‹ 5 cos divide times ğœ‹ 2 5 find-01 equal-01 string-entity cos divide ğœ‹ 5 -
B.300	multi-sentence suppose-02 i find-out-03 truth-value continue-01 string-entity eq divide 1 plus ln SUP ln 2 ğ‘¥ 1 times ğ‘¥ ğ‘“ string-entity eq interval$O-O$$ 0 infinity ğ¼ uniform think-01 i lot
B.301	"multi-sentence contrast-01 possible-01 prove-01 i that - edit-01 like-02 i have-03 prove-01 use-01 information fine-04 use-01 equal-01 or person name ""cauchy"" ""schwarz"" person name ""holder"" -"
B.302	multi-sentence solution amr-unknown contrast-01 approach-02 i take-01 root-of give-01 string-entity string-entity eq times SUP ğ‘’ divide times ğœ‘ ğ‘– ğ‘› root ğ‘  ğ‘› ğ‘§ 10 string-entity string-entity ğ‘› 17 simple-02 now seem-01 ask-02 problem this show-01 we exist-01 root-of string-entity string-entity ğ‘› 18
B.303	"multi-sentence theorem have-mod-91 and base string-entity L-2 ğ‘¥ ğ‘¦ bracket determine-01 string-entity eq ğ‘¥ interval$C-C$$ ğ‘¥ ğ‘¦ thing dimension 2 commutative - only name ""lie"" ""algebra"" up-to isomorphic understand-01 i space field name ğ¾ vector all other each"
B.304	"multi-sentence prove-01 admit-01 surface orient-01 possible-01 - real-04 structure complex - easy-05 amr-unknown know-01 i prove-01 obligate-01 orient-01 manifold complex observe-01 satisfy-01 structure surface equal-01 equal-01 string-entity ğ‘‹ real-04 any condition equal-01 string-entity subset interval$C-C$$ SUP SUB ğ‘‡ ğ‘‹ L-2 0 1 SUP SUB ğ‘‡ ğ‘‹ L-2 0 1 SUP SUB ğ‘‡ ğ‘‹ L-2 0 1 theorem name ""newlander-nirenberg"" cause-01 and bundle-01 dimension complex string-entity 1 alternate-01 bracket string-entity interval$C-C$$ minus minus mean-01 disappear-01 string-entity SUP SUB ğ‘‡ ğ‘‹ L-2 0 1 cause-01 and admit-01 string-entity ğ‘‹ structure complex obligate-01 possible-01 orient-01 complex"
B.305	value-01 function-01 string-entity limit SUB limit â†’ ğ‘ infinity floor SUB SUP SUB sum eq 1 ğ‘Ÿ ğ‘ divide 1 SUP 2 ğ‘Ÿ floor amr-unknown
B.306	"multi-sentence see-01 i expand-01 thing name ""euler"" ""mascheroni"" ""constant"" include-91 expand-01 thing consequence-03 theorem name ""mertens"" ""ter theorem"" name ""meissel"" ""mertens"" ""constant"" 1 expand-01 string-entity eq plus sum SUB sum ğ‘ S-1 plus divide 1 ğ‘ log minus 1 divide 1 ğ‘ ğ›¾ ğµ that understand-01 i thing cause-01 difficult prove-01 rational thing name ""euler"" ""mascheroni"" ""constant"" - - now"
B.307	multi-sentence question-01 i cause-01 amr-unknown true-01 this cause-01 amr-unknown case-04 equal-01 equal-01 string-entity ğ‘¥ string-entity ğ‘› equal-01 string-entity eq times ğ‘› ğœ† ord SUB ord ğ‘› ğ‘¥ always word other
B.308	"multi-sentence string-entity mean-01 contour company name ""hankel"" eq times divide times minus 1 ğ‘  Î“ times int SUB int ğ¶ times divide times ğ‘§ ğ‘‘ ğ‘§ divide SUP minus ğ‘§ ğ‘  minus SUP ğ‘’ ğ‘§ 1 ğ‘– ğœ‹ 2 times ğ‘  ğœ path travel-01 distance distance distance equal ğ›¿ small above axis string-entity ğ‘¥ positive and have-trouble-04 i understand-01 define-01 person name ""riemann"" function zeta need-01 give-01 summarize-01 brief here before possible-01 get-05 question-01 and derive-01 represent-01 string-entity and eq times divide 1 times SUB SUP SUB int 0 infinity times d ğ‘¥ divide SUP ğ‘¥ minus ğ‘  1 minus SUP ğ‘’ ğ‘¥ 1 ğ‘  Î“ eq SUB SUP SUB sum eq 1 ğ‘› infinity divide 1 SUP ğ‘› ğ‘  times ğ‘  ğœ valid-02 string-entity times 1 ğ‘  modify-01 integral define-01 except-01 string-entity have-03 pole simple-02 eq 1 ğ‘ "
B.309	multi-sentence consider-02 you equate-01 instead-of-91 equate-01 string-entity prime-01 cause-01 equal-01 string-entity equivalent times times 3 2 ğ‘ such SUB ğ”½ ğ‘ string-entity eq ğ‘ SUP ğ‘¥ 3 first-of-all imperative have-concession-91 convince-01 this i have-degree-91 enough - say-01 book read-01 current solve-01 string-entity SUB ğ”½ ğ‘ cause-01 equal-01 string-entity eq 1 gcd 3 minus ğ‘ 1 exact 1
B.310	find-01 thing solve-01 string-entity eq 1 plus divide 10 ğ‘¦ divide 4 ğ‘¥ integer positive
B.311	equal-01 amr-unknown string-entity plus times divide 26 27 ğ‘“ â€¦ times divide 3 27 ğ‘“ times divide 2 27 ğ‘“ times divide 1 27 ğ‘“ give-01 string-entity eq divide SUP 9 ğ‘¥ plus 3 SUP 9 ğ‘¥ times ğ‘¥ ğ‘“ function
B.312	prove-01 equal-01 string-entity eq floor divide ğ‘ times ğ‘ ğ‘ floor divide floor divide ğ‘ ğ‘ ğ‘ equal-01 string-entity ğ‘ and string-entity ğ‘ string-entity ğ‘ positive
B.313	multi-sentence let-01 you and equal-01 string-entity in L-2 ğ‘ ğ‘ ğº group finite abelian equal-01 string-entity form-seq eq ğ‘Ÿ abs ğ‘ eq ğ‘  abs ğ‘ string-entity eq 1 gcd ğ‘Ÿ ğ‘  imperative prove-01 you equal-01 string-entity eq times ğ‘  ğ‘Ÿ abs times ğ‘ ğ‘ imperative
B.314	multi-sentence suppose-01 you have-03 basis cause-01 string-entity lt sum norm minus SUB ğ‘’ ğ‘› SUB ğ‘¥ ğ‘› 1 space hilbert string-entity S-1 SUB ğ‘’ ğ‘› orthonormal have-quant-91 condition this enough prove-01 span-01 string-entity S-1 SUB ğ‘¥ ğ‘› close-01 string-entity ğ» amr-unknown
B.315	want-01 i show-01 and equal-01 string-entity times ğ‘š ğ‘ƒ string-entity forall equal-01 string-entity geq 0 ğ‘š string-entity forall ğ‘š equal-01 string-entity times 0 ğ‘ƒ string-entity times ğ‘š ğ‘ƒ equal-01 string-entity geq 0 ğ‘š cause-01 theorem 2.2 string-entity and eq 0 eq ğ‘ ğ‘š ordinal-entity 1
B.316	multi-sentence have-03 we and string-entity eq SUB ğ¶ 1 SUP times â„¤ divide â„¤ 2 times string-entity eq SUB ğ¶ 2 SUP times â„¤ divide â„¤ 4 times string-entity eq times SUB ğ¶ 2 SUB ğ¶ 2 SUP times â„¤ divide â„¤ 8 times string-entity eq times SUB ğ¶ 4 SUB ğ¶ 2 SUP times â„¤ divide â„¤ 16 times string-entity eq times SUB ğ¶ 8 SUB ğ¶ 2 SUP times â„¤ divide â„¤ 32 times start-01 i believe-01 have-03 we string-entity eq times SUB ğ¶ SUP 2 minus ğ‘š 2 SUB ğ¶ 2 SUP times â„¤ divide â„¤ SUP 2 ğ‘š times string-entity gt ğ‘š 1 explain-01 simple-02 true-01 conceptual
B.317	string-entity int times d ğ‘¥ divide 1 SUP plus 1 SUP ğ‘¥ 2 ğ‘›
B.318	prove-01 you equal-01 string-entity geq SUP ğ‘’ ğ‘¥ SUP plus divide ğ‘¥ ğ‘› 1 ğ‘› string-entity geq ğ‘› 1 amr-unknown
B.319	multi-sentence know-01 we equal-01 string-entity ğ´ order-03 part string-entity interval$O-O$$ ğ´ subset suppose-01 we chain string-entity and subset â€¦ subset SUB ğ´ plus 1 ğ‘› subset SUB ğ´ ğ‘› subset â€¦ subset SUB ğ´ 1 SUB ğ´ 2 string-entity ğ´ possible-01 prove-01 we equal-01 string-entity eq union SUB union in ğ‘› â„• SUB ğ´ ğ‘› ğµ set count-01
B.320	"multi-sentence cause-01 equal-01 integral i string-entity SUB SUP SUB int 0 1 divide sin SUP sin minus 1 ğ‘¥ ğ‘¥ let-01 you rewrite-01 i integral string-entity eq SUB SUP SUB int 0 1 divide arcsin ğ‘¥ ğ‘¥ â„ avoid-01 confuse-01 start-off-02 integrate-01 mean-01 equal-01 string-entity eq sin ğ‘¡ ğ‘¥ mean-01 equal-01 string-entity eq times ğ‘¡ ğ‘‘ cos ğ‘¡ times ğ‘¥ ğ‘‘ cause-01 become-01 integral we and string-entity ""eqx250eqx"" string-entity eq cot ğ‘¡ times ğ‘£ ğ‘‘ string-entity and eq ln sin ğ‘¡ implies ğ‘£ string-entity eq SUB SUP SUB int 0 divide ğœ‹ 2 times d ğ‘¡ cot ğ‘¡ ğ‘¡ string-entity eq arcsin ğ‘¥ ğ‘¡ part know-01 i proceed-01 further here -"
B.321	"solve-01 you equal-01 string-entity eq ğ‘‘ plus times ğ‘¦ ğ‘ times ğ‘¥ ğ‘ equal-01 string-entity neq gcd ğ‘ ğ‘ ğ‘‘ use-01 string-entity ""bÃ©zout"" imperative"
B.322	multi-sentence want-01 i calculate-01 sum-of sum-of number triangular now and define-01 we and string-entity eq divide times plus 1 ğ‘› ğ‘› 2 SUB ğ‘ ğ‘› string-entity eq SUB SUP SUB sum eq 1 ğ‘¥ ğ‘› SUB ğ‘ ğ‘¥ SUB ğ‘ ğ‘› string-entity eq SUB SUP SUB sum eq 1 ğ‘¥ ğ‘› SUB ğ‘ ğ‘¥ SUB ğ‘ ğ‘› imperative want-01 i formula explicit-03 string-entity SUB ğ‘ ğ‘›
B.323	"multi-sentence contrast-01 try-01 i thing name ""euclidean"" ""algorithm"" lot possible-01 figure-out-05 still - know-01 you thing possible-01 use-01 i thing name ""euclidean"" ""algorithm"" find-01 thing equal-01 string-entity SUP divide times D-lsqb;&rsqb; ğ‘¥ â„ plus 1 SUP ğ‘¥ 4 times equal-01 string-entity Â¯ minus SUP ğ‘¥ 2 ğ‘¥ amr-unknown thank-01 i in-advance-04 expressive"
B.324	"multi-sentence play-01 i series call-01 problem name ""double"" ""basel"" ""problem"" before couple temporal-quantity 1 hour now manage-02 i generalize-01 thing demonstrate-01 here result-01 after wrestle-01 awhile string-entity identity this eq times divide 1 times D-lsqb;&rsqb; minus times coth times ğ‘¥ ğœ‹ ğœ‹ divide 1 ğ‘¥ ğ‘¥ 2 SUB SUP SUB sum eq 1 ğ‘š infinity divide 1 plus SUP ğ‘š 2 SUP ğ‘¥ 2"
B.325	multi-sentence find-01 number regular-03 composite-02 100 amr-unknown arrive-01 i conclude-01 possible-01 use-01 we string-entity mean-01 and equal-01 string-entity plus 2 factorial ğ‘› string-entity 2 equal-01 string-entity plus 3 factorial ğ‘› string-entity 3 et-cetera L-4 plus 2 factorial ğ‘› plus 3 factorial ğ‘› â€¦ plus ğ‘› factorial ğ‘› this find-01 number equal-01 string-entity L-4 plus 2 factorial ğ‘› plus 3 factorial ğ‘› â€¦ plus ğ‘› factorial ğ‘› regular-03 after attempt-01 many contrast-01 seem-01 or gap some competent-01 -
B.326	"multi-sentence write-01 cause-01 image module every module free-04 homomorphic summand direct-02 module free-04 there have-concession-91 possible-01 understand-01 i imply-01 module projective every summand direct-02 module string-entity ğ‘ƒ projective - exist-01 module free-04 string-entity module free-04 string-entity ğ‘‡ some eq direct-sum ğ‘ƒ ğ‘‡ ğ¹ string-entity ""f"""
B.327	"multi-sentence determine-01 matrix name times 3 3 volume resemble-01 and and coordinate-entity L-2 V-3 1 ğ‘¥ SUP ğ‘¥ 2 V-3 1 ğ‘¦ SUP ğ‘¦ 2 coordinate-entity V-3 1 ğ‘§ SUP ğ‘§ 2 coordinate-entity ""eqx328eqx"" rest-01 tail origin head parallelopiped side 3 possible-01 simplify-01 determine-01 matrix this string-entity times minus ğ‘§ ğ‘¥ minus ğ‘¦ ğ‘§ minus ğ‘¥ ğ‘¦"
B.328	prove-01 string-entity eq 0 SUB SUP SUB sum eq 1 ğ‘˜ ğ‘› cos divide times ğ‘˜ ğœ‹ 2 ğ‘›
B.329	multi-sentence you string-entity imply-01 string-entity in ğ‘ ğ‘ˆ in ğ‘ ğ´ imperative and consider-01 you subset compact-01 string-entity ğ´ space regular-03 imperative let-01 set open-07 string-entity cause-01 string-entity subset ğ´ ğ‘ˆ ğ‘ˆ imperative prove-01 set open-07 string-entity cause-01 string-entity and subset ğ‘ˆ subset Â¯ ğ‘‰ subset ğ´ ğ‘‰ ğ‘‰ imperative
B.330	"multi-sentence determine-01 string-entity ğ‘› order ordinal-entity 3 answer-01 string-entity eq times D-lsqb;&rsqb; plus times SUP minus ğ‘¥ ğ‘ minus ğ‘› 1 minus ğ‘› 1 ğ‘ ğ‘¥ Î” and add-02 we column other all column ordinal-entity 1 get-01 factor multiply-01 answer-01 leave-13 determine-01 string-entity ""eqx392eqx"" follow-04 possible-01 calculate-01 thing determine-01 this obtain-01 answer-01 amr-unknown"
B.331	find-01 root string-entity eq SUP 9 ğ‘¥ plus SUP 6 ğ‘¥ SUP 4 ğ‘¥ hand
B.332	"multi-sentence show-01 you that imperative prove-01 i or cause-01 define-01 string-entity times ğ‘› ğ¿ factor variable name ""n"" prime least composite string-entity ğ‘› prime composite cause-01 theorem fundamental express-01 integer have-degree-91 big more numerical-quantity 1 any mean-01 let-01 you have-degree-91 string-entity ğ‘ small most product-of string-entity form-seq eq times SUP SUB ğ‘ ğ‘š SUB ğ›¼ ğ‘š â€¦ SUP SUB ğ‘ 2 SUB ğ›¼ 2 SUP SUB ğ‘ 1 SUB ğ›¼ 1 ğ‘› form-seq lt times ğ‘– ğ‘— form-seq lt times SUB ğ‘ ğ‘– times ğ‘– SUB ğ‘ ğ‘— and in SUP â„¤ geq 0 in ğ‘— times SUB ğ›¼ ğ‘– SUP â„¤ plus string-entity ğ‘ imperative product-of prime numerical-quantity 2 second string-entity ğ‘›"
B.333	multi-sentence become-01 string-entity interval$O-O$$ ğ‘‹ ğ‘Œ string-entity string-entity eq plus SUP ğ‘Œ 2 SUP ğ‘‹ 2 SUP ğ‘… 2 interval$O-O$$ ğ‘… Î¦ coordinate pole prove-01 you and have-03 string-entity Î¦ density give-01 string-entity divide root minus 1 SUP ğ‘ 2 2 times minus 1 times cos ğœ‘ sin ğœ‘ ğ‘ 2 ğœ‹ 2 distribute-01 string-entity eq 0 ğ‘ uniform imperative clear-06 everything this understand-01 i thing conclude-01 and string-entity fragments p fragments { xy eq gt divide 1 2 0 plus } SUP ğœ‹ minus 1 arcsin fragments $ p $$ string-entity fragments p fragments { xy eq lt SUP ğœ‹ minus 1 0 arccos } fragments $ p $$ -
B.334	prove-01 logarithm string-entity eq ğ‘ SUP ğ‘ times ğ‘ SUB ğ‘” ğ‘ ğ‘œ ğ‘™
B.335	multi-sentence contrast-01 clear-06 that i - have-manner-91 show-01 converge-01 have-degree-91 intuitive more and show-01 equal-01 string-entity eq 0 limit SUB limit â†’ ğ‘ infinity times norm minus SUB SUP SUB sum eq 0 ğ‘˜ ğ‘ divide SUP ğ´ ğ‘˜ factorial ğ‘˜ ğ‘‹ use-01 norm clear-06 converge-01 element all string-entity minus divide SUP ğ´ ğ‘˜ factorial ğ‘˜ ğ‘‹ zero intuitive some matrix i hint-01 any
B.336	multi-sentence get-02 i task follow-04 specify-01 matrix cause-01 true-01 matrix string-entity neq times ğ´ ğµ times ğµ ğ´ string-entity in L-2 ğ´ ğµ SUP â„ times ğ‘› ğ‘› each 1 possible-01 or help-01 someone this i + give-01 approach-02 + amr-unknown determine-01 matrix cause-01 commute-02 matrix string-entity in ğµ SUP â„ times 2 2 all string-entity assign ğ‘€ conditional-set in ğ´ SUP â„ times 2 2 form-seq eq times ğ´ ğµ times ğµ ğ´ in forall ğµ SUP â„ times 2 2 2
B.337	multi-sentence solve-01 string-entity and eq times ğ›¾ plus SUP ğœ† 2 SUP ğœ† â€² eq plus times SUP ğ›¾ â€² ğœ† times ğ›¾ SUP ğœ† â€² SUP ğ›¾ â€²â€² then equal-01 string-entity times ğ‘¡ ğœ† string-entity string-entity ğ‘¡ all eq times ğ‘¡ ğ›¾ ğ‘¡ ğœ† times ğ‘¡ SUP ğ›¾ â€² then possible-01 assume-02 we and apply-02 translate-01 string-entity ğ›¾ speed curve string-entity ğ›¾ unit pass-03 line tangent origin
B.338	find-01 you thing solve-01 equation string-entity eq divide plus times ğ‘¥ ğ‘ ğ‘ minus ğ‘ ğ‘¥ ğ‘¦ integer all imperative
B.339	"multi-sentence contrast-01 need-01 i positive they only moment value-01 have-03 result-01 have-degree-91 general-02 most possible-01 have-03 we cause-01 exist-01 string-entity cause-01 equal-01 string-entity equal-01 cause-01 lemma person name ""bÃ©zout"" string-entity ğ‘ eq 1 plus times ğ‘  ğ‘ times ğ‘Ÿ ğ‘ in L-2 ğ‘Ÿ ğ‘  â„¤ prime relative-05 string-entity L-2 ğ‘ ğ‘ edit-01 attempt-01 update-01"
B.340	"multi-sentence have-03 i problem follow-04 show-01 you sequence string-entity lt abs minus SUB ğ‘¥ plus 1 ğ‘› SUB ğ‘¥ ğ‘› divide 1 SUP 3 ğ‘› name ""cauchy"" imperative"
B.341	multi-sentence possible-01 define-01 we sequence include-91 string-entity in L-2 ğ‘ ğ‘ SUP ğ‘ plus arithmetic cause-01 string-entity include-91 string-entity eq plus â‹… ğ‘– ğ‘ ğ‘ SUB ğ‘ ğ‘– eq 1 gcd ğ‘ ğ‘ cause-01 sequence include-91 string-entity S-4 ğ‘ plus ğ‘ ğ‘ plus times ğ‘ 2 ğ‘ â‹¯ contain-01 sequence such all prime amr-unknown
B.342	multi-sentence or equal-01 string-entity eq 40 â‹… 10 4 equal-01 string-entity eq times SUP minus 1 SUP ğ‘’ 3 divide minus ğ‘¥ 10 SUP ğ‘’ divide minus ğ‘¥ 10 divide 2 5 times SUB ğ‘¥ 4 ğ‘“ amr-unknown and calculate-01 density statistics order ordinal-entity 4 equal-01 string-entity and eq divide 125 6 eq SUB SUP SUB int 0 infinity times d ğ‘¥ SUP minus 1 SUP ğ‘’ 3 divide minus ğ‘¥ 10 SUP ğ‘’ divide minus ğ‘¥ 10 divide times ğ‘¥ 2 5 times SUB ğ‘‹ 4 ğ¸ then amr-unknown equal-01 or equal-01 string-entity 40 multiple temporal-quantity 1 minute equal-01 string-entity divide 125 6 multiple temporal-quantity 1 minute
B.343	multi-sentence equal-01 string-entity eq L-7 interval$O-O$$ 1 6 interval$O-O$$ 2 5 interval$O-O$$ 3 4 interval$O-O$$ 4 3 interval$O-O$$ 3 4 interval$O-O$$ 5 2 interval$O-O$$ 6 1 ğ¸ string-entity abs times ğ‘’ ğ‘ ğ‘ ğ‘ ğ‘† ğ‘’ ğ‘™ ğ‘ ğ‘š ğ‘ ğ‘† cause-01 equal-01 string-entity 36 string-entity eq divide 1 6 times ğ¸ ğ‘ƒ doubt-01 i here cause-01 amr-unknown obligate-01 we consider-02 pair order-01 cause-01 give-01 dice 2 identical-01
B.344	multi-sentence emphasize-01 there any consider-01 you thing exemplify-01 follow-04 and let-01 string-entity eq S-5 ğ‘ ğ‘ ğ‘ ğ‘‘ ğ‘’ ğ‘‹ let-01 string-entity eq S-1 S-1 ğ‘ ğ’œ imperative collect-01 this subset string-entity ğ‘‹ clear-06
B.345	multi-sentence contrast-01 stack-01 i problem geometry elementary and give-01 equation and line space name equivalent cases eq 1 ğ‘¥ eq 1 ğ‘¦ eq minus ğœ† 2 ğ‘§ ğ‘Ÿ straigh 2 line space name equivalent cases eq ğœ‡ ğ‘¥ eq minus ğœ‡ 1 ğ‘¦ eq minus 1 ğ‘§ ğ‘  553 i ask-02 calculate-01 some ask-01 position-01 they relative-05 ordinal-entity 1
B.346	multi-sentence have-03 i string-entity conditional-set in ğ‘Ÿ â„š form-seq gt SUP ğ‘Ÿ 2 2 gt ğ‘Ÿ 0 wonder-01 i thing cause-01 have-03 string-entity in 0 â„š thing have-degree-91 low-04 most bind-01 - bind-01 string-entity have-degree-91 low-04 most number rational-02 amr-unknown
B.347	"multi-sentence prove-01 equal-01 product string-entity eq 1 interval$O-O$$ plus ğ‘ ğ‘ minus ğ‘ ğ‘ name ""gcd"" or string-entity eq 1 interval$O-O$$ ğ‘ ğ‘ string-entity 2 equal-01 product string-entity eq ğ‘‘ interval$O-O$$ plus ğ‘ ğ‘ minus ğ‘ ğ‘ name ""gcd"" cause-01 coprime string-entity L-2 ğ‘ ğ‘ equal-01 string-entity interval$O-O$$ ğ‘ ğ‘ and string-entity interval$O-O$$ times ğ‘ 2 times ğ‘ 2 et-cetera question-01 i cause-01 amr-unknown obligate-01 we and add-02 equation above subtract-01"
B.348	"hold-03 condition resemble-01 matrix follow-01 block-01 string-entity ""eqx579eqx"" amr-unknown"
B.349	"multi-sentence equate-01 thing name eq times SUP divide ğ‘¥ ğ‘’ ğ‘¥ root times ğ‘¥ ğœ‹ 2 2 factorial ğ‘¥ thing name ""stirling's"" ""approximation"" give-01 write-01 function-01 variable name ""y"" thing name eq times SUP divide ğ‘¥ ğ‘’ ğ‘¥ root times ğ‘¥ ğœ‹ 2 2 ğ‘¦ we find-01 thing inverse-01 function-01 this effective-04 amr-unknown way solve-01 equation variable name ""x"""
B.350	multi-sentence and want-01 i prove-01 divide-02 and 2 3 string-entity in L-2 minus SUP ğ‘¥ 3 ğ‘¥ ğ‘¥ â„• stick-01 step-01 induct-02 step-01 basic assume-02 we true-01 string-entity times ğ‘˜ ğ‘ƒ cause-01 equal-01 and string-entity eq 0 divide minus SUP 0 3 0 2 string-entity eq 0 divide minus SUP 0 3 0 3 thing induct-02 hypothesize-01 let-01 you propose-01 divide-02 string-entity minus SUP ğ‘¥ 3 ğ‘¥ string-entity in ğ‘¥ â„• all imperative
B.351	"multi-sentence let-01 sequence-01 string-entity SUB ğ´ ğ‘› string-entity ğ’œ define-01 you cause-01 hold-02 string-entity fragments a assign fragments { x in x and string-entity times SUB ğ´ ğ‘› âˆˆ ğ‘¥ string-entity } except-01 string-entity and geq int SUB int ğ‘‹ limit SUB limit â†’ ğ‘› infinity infimum times ğœ‡ ğ‘‘ SUB ğœ’ SUB ğ´ ğ‘› eq limit SUB limit â†’ ğ‘› infinity infimum int SUB int ğ‘‹ SUB ğœ’ SUB ğ´ ğ‘› limit SUB limit â†’ ğ‘› infinity infimum times SUB ğ´ ğ‘› ğœ‡ all imperative show-01 i string-entity mean-01 and consider-02 string-entity in ğ‘¥ ğ´ eventual consider-02 cause-01 string-entity and eq times ğ‘¥ SUB ğœ’ ğ´ eq 1 eq limit SUB limit â†’ ğ‘› infinity 1 limit SUB limit â†’ ğ‘› infinity infimum times ğ‘¥ SUB ğœ’ SUB ğ´ ğ‘› string-entity eq times forall ğ‘› 1 times ğ‘¥ SUB ğœ’ SUB ğ´ ğ‘› cause-01 lemma string-entity eq times forall ğ‘› 0 infimum SUB infimum geq ğ‘š ğ‘› times ğ‘¥ SUB ğœ’ SUB ğ´ ğ‘› person name ""fatou"" attempt-01 geq limit SUB limit â†’ ğ‘› infinity infimum times SUB ğ´ ğ‘› ğœ‡ times ğ´ ğœ‡ now"
B.352	multi-sentence try-01 i find-01 function such fail-01 contrast-01 find-01 function continue-01 positive string-entity SUB SUP SUB int 0 infinity times d ğ‘¥ ğ‘¥ ğ‘“ area finite exist-01 limit-01 string-entity resemble-01 string-entity ğ‘¥ times ğ‘¥ ğ‘“ go-01 infinity -
B.353	"multi-sentence understand-01 i relate-01 variable depend-01 - random 2 define-01 - cause-01 equal-01 variance cause-01 variable depend-01 - and variable name ""x629eqx"" variable name ""y"" random 2 and equal-01 string-entity eq minus times times ğ‘¦ ğ‘¥ ğ¸ times ğ‘¦ ğ¸ ğ‘¥ ğ¸ times interval$O-O$$ ğ‘¥ ğ‘¦ ğ‘£ ğ‘œ ğ¶ equal-01 string-entity eq times times ğ‘¦ ğ‘¥ ğ¸ times times times ğ‘¦ ğ¸ ğ‘¥ ğ¸ contrast-01 have-trouble-04 understand-01 have-condition-91 possible-01 mean-01 relate-01 variable random 2 - -"
B.354	prove-01 you have-condition-91 equal-01 c times SUB ğ‘ 2 SUB ğ‘ 1 ğ‘ equal-01 and string-entity c SUB ğ‘ 1 ğ‘ string-entity c SUB ğ‘ 2 ğ‘ imperative
B.355	string-entity eq plus ğ‘¦ times ğ‘¥ ğ‘“ ğ‘¥ times plus times ğ‘¦ ğ‘“ times SUP ğ‘¥ 2 ğ‘“ ğ‘“
B.356	possible-01 evaluate-01 i string-entity include-91 string-entity natural-03 ğ‘˜ SUB SUP SUB sum eq 0 ğ‘› infinity divide SUP ğ‘¥ times ğ‘› ğ‘˜ factorial times ğ‘› ğ‘˜ amr-unknown
B.357	multi-sentence take-01 you series number give-01 2 string-entity V-3 2 4 â€¦ imperative function fit-06 possible-01 series this differ-02 and all string-entity eq times ğ‘› 2 times ğ‘› ğ‘“ string-entity eq plus 2 minus SUP ğ‘› 2 ğ‘› times ğ‘› ğ‘“ string-entity eq SUP 2 ğ‘› times ğ‘› ğ‘“ after number ordinal-entity 1 believe-01 i have-quant-91 polynomial fit-06 describe-01 this more sure-02 -
B.358	multi-sentence think-01 i derive-01 formula equal-01 equal-01 string-entity int times d ğ‘  ğ‘¦ ğœ‹ 2 equal-01 string-entity eq root plus SUP divide times ğ‘¦ ğ‘‘ times ğ‘¥ ğ‘‘ 2 1 2 times ğ‘  ğ‘‘ area revolution-03 before read-01 try-01 i apply-02 logic use-01 calculate-01 volume revolution-03 same-01 equal-01 string-entity int times d ğ‘¥ SUP ğ‘¦ 2 ğœ‹
B.359	multi-sentence make-01 thing name eq divide ğ‘¥ 2 tan ğœƒ problem and answer-01 term-01 sine end-01 define-01 thing name times ğœƒ ğ‘› ğ‘– ğ‘  thing name eq divide ğ‘¥ root plus SUP ğ‘¥ 2 4 2 sin ğœƒ back exemplify-01 this stuff understand-01 i struggle-02 some integrate-01 typical-02 cause-01 amr-unknown take-01 thing value-01 root square absolute - ever 1
B.360	transform-01 function equal-01 divide 1 abs ğ‘¥ fourier
B.361	multi-sentence let-01 you and integrate-01 string-entity $##$ ğ‘“ â†’ interval$C-C$$ ğ‘ ğ‘ â„ possible-01 equal-01 string-entity eq SUB SUP SUB int ğ‘ ğ‘¥ times d ğ‘¡ ğ‘¡ ğ‘“ times ğ‘¥ ğ¹ possible-01 string-entity ğ¹ imperative possible-01 differ-02 function this amr-unknown - always
B.362	"post-scriptum possible-01 compare-01 string-entity ""x697eqx"" string-entity ""y"" amr-unknown"
B.363	"prove-01 string-entity negative-03 - â†’ SUB ğ‘‹ ğ‘› 0 variable name ""mars"" string-entity fragments p fragments &lsqb; SUP ğ‘‹ times eq geq 1 x and | SUB ğ‘‹ 0 SUB â„± 0 divide &rsqb; x amr-unknown"
B.364	define-01 you string-entity infimum conditional-set times interval$O-O$$ ğ‘¥ ğ‘ ğ‘‘ in ğ‘ ğ´ imperative and point string-entity ğ‘¥ include-91 string-entity ğ´ empty-02 - space metric subset prove-01 have-condition-91 equal-01 string-entity leq times interval$O-O$$ ğ‘¥ ğ´ ğ‘‘ plus times interval$O-O$$ ğ‘¦ ğ´ ğ‘‘ times interval$O-O$$ ğ‘¥ ğ‘¦ ğ‘‘ equal-01 string-entity ğ‘¦ point another string-entity ğ‘‹ imperative
B.365	multi-sentence question-01 i or basic prove-01 state-01 follow-04 refute-01 exist-01 inject-01 string-entity ğ›¼ string-entity SUP ğ›¼ plus give-01 ordinal-entity ğ›¼ infinite amr-unknown
B.366	multi-sentence show-01 you have-condition-91 have-03 space equal-01 string-entity ğ‘‹ norm-02 subset depend-01 possible-01 - linearly have-03 we subset string-entity 1 imperative attempt-01 i let-01 space name ğ‘‹ equal-01 subset string-entity fragments s eq fragments { SUB ğ‘’ 1 &comma; SUB ğ‘’ 2 &comma; SUB ğ‘’ 3 &comma; â€¦ . &comma; SUB ğ‘’ ğ‘› } define-01 string-entity in SUB ğ‘’ ğ‘– ğ‘‹ string-entity and leq ğ‘› leq 1 ğ‘— string-entity possible-01 proceed-01 further - after that
B.367	prove-01 you equal-01 737 imperative
B.368	multi-sentence state-01 equal-01 string-entity eq plus times divide 1 ğ‘¥ ğ’ª sum SUB sum leq ğ‘› ğ‘¥ divide 1 SUP ğ‘› 2 sum SUB sum geq ğ‘› 1 divide 1 SUP ğ‘› 2 string-entity â†’ ğ‘¥ infinity answer-01 this amr-unknown do-02 i think-01 trivial answer-01 almost cause-01 possible-01 set-02 we string-entity cause-01 equal-01 string-entity and eq divide ğ¶ ğ‘¥ eq divide SUP ğœ‹ 2 6 leq SUB SUP SUB sum eq ğ‘¥ ğ‘› infinity divide 1 SUP ğ‘› 2 SUB SUP SUB sum eq 1 ğ‘› infinity divide 1 SUP ğ‘› 2 cause-01 equal-01 string-entity and eq plus times divide 1 ğ‘¥ ğ’ª sum SUB sum leq ğ‘› ğ‘¥ divide 1 SUP ğ‘› 2 leq plus divide ğ¶ ğ‘¥ sum SUB sum leq ğ‘› ğ‘¥ divide 1 SUP ğ‘› 2 eq plus SUB SUP SUB sum eq ğ‘¥ ğ‘› infinity divide 1 SUP ğ‘› 2 sum SUB sum leq ğ‘› ğ‘¥ divide 1 SUP ğ‘› 2 sum SUB sum geq ğ‘› 1 divide 1 SUP ğ‘› 2 eq divide times ğ‘¥ SUP ğœ‹ 2 6 ğ¶ amr-unknown fix-03 string-entity ğ‘¥
B.369	"multi-sentence calculate-01 equal-01 string-entity eq SUB SUP SUB int minus ğœ‹ ğœ‹ times divide sin times ğ‘¥ ğ‘› times d ğ‘¥ sin ğ‘¥ plus SUP 2 ğ‘› 1 SUB ğ½ ğ‘› integral amr-unknown contrast-01 try-01 i integrate-01 part succeed-01 find-01 relate-01 repeat-01 - contrast-01 try-01 formula name ""moivre"" equal-01 string-entity plus times SUB ğ½ ğ‘› ğ‘– SUB ğ¼ ğ‘› equal-01 string-entity eq SUB SUP SUB int minus ğœ‹ ğœ‹ times divide cos times ğ‘¥ ğ‘› times d ğ‘¥ sin ğ‘¥ plus SUP 2 ğ‘› 1 SUB ğ¼ ğ‘› succeed-01 also -"
B.370	multi-sentence define-01 we integral lebesgue and function-01 string-entity measure-01 string-entity SUB ğ´ ğ‘— possible-01 eq SUB SUP SUB sum eq 1 ğ‘— ğ‘› times ğ‘¥ SUB ğœ’ SUB ğ´ ğ‘— SUB ğ‘ ğ‘— times ğ‘¥ ğ‘  function-01 string-entity interval string-entity fragments fragments $ &comma; a fragments $ a &comma; &comma; b fragments &lsqb; a &comma; b $$ &comma; fragments &lsqb; a &comma; b &rsqb; $$ &rsqb; &comma; b $$ type any geq ğ‘“ 0 then define-01 we contrast-01 wonder-01 i possible-01 go-08 thing wrong-02 instead-of-91 take-01 function-01 simple-02 supremum take-01 function-01 step-01 string-entity fragments 0 leq s leq f }
B.371	possible-01 say-01 i string-entity eq norm times ğ‘” ğ‘“ abs times ğ‘¥ ğ‘” ğ‘¥ ğ‘“ amr-unknown
B.372	"multi-sentence progress-01 person name ""gauss"" have-degree-91 much so call-01 we string-entity times D-lsqb;&rsqb; ğ‘– â„¤ integer thing name ""gaussian"" now work-01 string-entity â„¤ great theory number contrast-01 study-01 ring string-entity SUB ğ’ª times D-lsqb;&rsqb; root ğ‘‘ 2 â„š have-degree-91 good-02 analyze-01 thing solve-01 equation string-entity eq 1 minus SUP ğ‘¥ 2 times SUP ğ‘¦ 2 ğ‘‘ person name ""pell"" more now theory modern-02 number and know-01 person have-org-role-91 mathematics old possible-01 work-01 even"
B.373	"multi-sentence appreciate-02 or any hint-01 solve-01 great think-01 i thing standard-02 argue-01 arrive-01 cause-01 possible-01 apply-02 we this again over-and-over factor contradict-01 fact equal-01 string-entity ğ‘ string-entity eq 1 times interval$O-O$$ ğ‘ ğ‘ ğ‘‘ ğ‘ ğ‘” share-01 and monetary-quantity ""a$"" let-01 equal-01 string-entity eq divide ğ‘ ğ‘ root ğ‘› 2 string-entity eq 1 times interval$O-O$$ ğ‘ ğ‘ ğ‘‘ ğ‘ ğ‘” algebra some then understand-01 thing say-01 problem next explain-01 thing cause-01 fail-01 method this -"
B.374	find-01 polynomial equal-01 string-entity c times ğ‘¥ ğ‘ƒ times SUP ğ‘¥ 2 ğ‘ƒ equal-01 string-entity times ğ‘¥ ğ‘ƒ all complex monic
B.375	"multi-sentence find-01 you thing solve-01 string-entity eq SUP 2 ğ‘› plus 7 SUP ğ‘¥ 2 integer all imperative contrast-01 do-02 i case-04 integer variable name ""n"" even lose-02 little now"
B.376	"multi-sentence string-entity limit SUB limit â†’ ğ‘› infinity divide plus root ğ‘› 2 â€¦ root 3 2 root 2 2 root 1 2 times root ğ‘› 2 ğ‘› have-trouble-04 i do-02 problem this contrast-01 attempt-01 i take-01 thing name ""riemann"" ""sum"" possible-01 get-05 pass-by-17 root-of 2 3 -"
B.377	amr-unknown string-entity minus SUP â„ plus 1 ğ‘› SUP â„ ğ‘›
B.378	equal-01 string-entity SUP minus 3 divide 2 2 string-entity root SUP minus 3 2 2 amr-unknown -
B.379	"multi-sentence cause-01 isomorphic string-entity SUB ğ‘“ 2 string-entity and in ğº eq ğ‘§ times ğ‘¦ SUB ğ‘“ 2 cause-01 amr-unknown string-entity and eq times ğ‘¥ compose SUB ğ‘“ 1 SUB ğ‘“ 2 eq ğ‘§ eq times ğ‘¦ SUB ğ‘“ 1 times times ğ‘¥ SUB ğ‘“ 2 SUB ğ‘“ 1 string-entity and in ğ‘† âŸ¶ compose SUB ğ‘“ 1 SUB ğ‘“ 2 in L-2 SUB ğ‘“ 1 SUB ğ‘“ 2 ğ‘† possible-01 show-01 one isomorphic mean-01 string-entity and in ğ‘† âŸ¶ SUP ğ‘“ minus 1 string-entity âŸ¶ exists SUP ğ‘“ minus 1 also and string-entity ğ‘“ ""iii"" amr-unknown string-entity times ğ‘‘ ğ‘– isomorphic string-entity and in ğ‘† âŸ¶ times ğ‘‘ ğ‘–"
B.380	"admit-02 thing name eq 0 times ğ‘¥ ğ‘“ ""eqx"" thing solve-01 2 thing name and eq 0 eq SUB SUP SUB int 0 ğœ‹ times d ğ‘¡ cos ğ‘¡ ğ‘¡ ğ‘“ SUB SUP SUB int 0 ğœ‹ times d ğ‘¡ sin ğ‘¡ ğ‘¡ ğ‘“ ""eqx"""
B.381	possible-01 count-01 string-entity times SUB ğ´ ğ‘› â€¦ SUB ğ´ 1 possible-01 count-01 string-entity L-3 SUB ğ´ 1 â€¦ SUB ğ´ ğ‘›
B.382	possible-01 count-01 set function-01 equal-01 equal-01 string-entity eq S-4 SUB ğ´ 1 SUB ğ´ 2 SUB ğ´ 3 â€¦ times ğ‘† ğ‘† equal-01 string-entity S-2 ğ“ ğ…
B.383	multi-sentence look-01 i prove-01 map-01 string-entity assign times ğ‘§ SUB ğ‘“ ğ‘ divide minus ğ‘§ ğ‘ minus 1 times ğ‘§ Â¯ ğ‘ disk unit string-entity lt abs ğ‘ 1 resort-01 principle maximum - elementary pedagogical thing argue-01 and string-entity times SUP ğ‘’ times ğ‘¡ ğ‘– SUB ğ‘“ ğ‘ usual at-least check-01 string-entity eq 1 abs times SUP ğ‘’ times ğ‘¡ ğ‘– SUB ğ‘“ ğ‘
B.384	"multi-sentence and take-01 i thing name ""mit6.006"" current come-across-21 problem this set and see-01 i notation such learn-01 mathematics variable name ""discrete"" before - ever like-02 know-01 and thing mean-01 thing work-09 thank-01 i you string-entity transcribe-01 thing screenshot-01 eq binomial ğ‘› 2 times ğ‘› SUB ğ‘“ 3"
B.385	"multi-sentence want-01 i ask-01 truth-value possible-01 prove-01 we divide-02 element degree have-degree-91 large more element degree have-degree-91 small more - ever use-01 define-01 just this now possible-01 say-01 we and string-entity eq abs ğ‘ times ğ‘ ğœ string-entity eq times ğ‘ ğœ ğ‘ ğœ times times ğ‘ ğ‘ ğœ polynomial ""ii"" ring specific-02 element individual cause-01 possible-01 divide-02 element have-degree-91 small more element - above case-04 or great size product-of 2 equal-01 always"
B.386	prove-01 you equal-01 911 imperative
B.387	multi-sentence let-01 equal-01 string-entity in ğ‘› SUP â„¤ plus exist-01 string-entity cause-01 equal-01 string-entity form-seq eq plus ğ‘– times ğ‘˜ 5 ğ‘› in ğ‘– S-5 0 1 2 3 4 in ğ‘˜ SUP SUB â„¤ 0 plus have-03 we analyze-01 case-03 now
B.388	and cause-01 switch-01 i string-entity SUB ğ‘… 2 string-entity SUB ğ‘… 3 then have-03 string-entity D-lsqb;&rsqb; M-3x4 R 1 10 minus 6 1 R 1 ğ‘˜ minus 1 2 R 2 minus 1 ğ‘˜ 5 contrast-01 and stick-01 then know-01 thing get-05 further any -
B.389	"multi-sentence and try-01 i find-01 formula general-02 series constant string-entity SUB SUP SUB sum eq 1 ğ‘– ğ‘ divide ğ‘– SUP plus ğ‘Ÿ 1 ğ‘– deduce-01 i formula sum string-entity divide minus SUP plus ğ‘Ÿ 1 plus 1 ğ‘ plus ğ‘Ÿ 1 times ğ‘ ğ‘Ÿ times SUP plus ğ‘Ÿ 1 ğ‘ SUP ğ‘Ÿ 2 amr-unknown possible-01 explain-01 someone thing deal-01 it amr-unknown large very variable name ""n"""
B.390	multi-sentence define-01 you sequence new-01 string-entity SUB SUB ğ‘¡ in ğ‘› â„• ğ‘› sequence string-entity assign SUB ğ‘¡ ğ‘› divide plus SUB ğ‘¥ ğ‘› â€¦ SUB ğ‘¥ 2 SUB ğ‘¥ 1 ğ‘› imperative possible-01 show-01 i string-entity eq ğœ” limit SUB limit â†’ ğ‘¡ infinity SUB ğ‘¥ ğ‘› string-entity eq ğœ” limit SUB limit â†’ ğ‘› infinity SUB ğ‘¡ ğ‘› amr-unknown
B.391	show-01 you contrast-01 try-01 i use-01 equal-01 other - prove-01 one this stick-01 still case-04 equal-01 string-entity gt ğ‘Ÿ 0 equal-01 string-entity leq times SUP abs plus ğ‘Œ ğ‘‹ ğ‘Ÿ ğ”¼ times plus times SUP abs ğ‘Œ ğ‘Ÿ ğ”¼ times SUP abs ğ‘‹ ğ‘Ÿ ğ”¼ SUB ğ‘ ğ‘Ÿ constant give-01 string-entity each imperative
B.392	multi-sentence know-01 cause-01 work-01 i polynomial ring string-entity divide times D-lsqb;&rsqb; ğ‘‹ â„¤ minus SUP ğ‘‹ ğ‘› 1 and allow-01 polynomial only degree at-most string-entity minus ğ‘› 1 obligate-01 reduce-01 multiply-01 modulo string-entity minus SUP ğ‘‹ ğ‘› 1 and have-03 i polynomial string-entity times ğ‘‹ ğ‘“ want-01 compute-01 inverse modulo equal-01 string-entity equivalent rem 1 ğ‘ times SUB ğ‘“ ğ‘ ğ‘“ and string-entity ğ‘ string-entity times ğ‘‹ SUB ğ‘“ ğ‘ possible-01 do-02 i that amr-unknown algorithm
B.393	"multi-sentence function string-entity ""f"" entire suppose-01 you string-entity leq abs times SUP ğ‘§ 2 ğ‘“ times abs times ğ‘§ ğ‘“ 2 constant variable all name ""c"" imperative contrast-01 try-01 i use-01 theorem person name ""liouville"" seem-01 helpful-04 -"
B.394	multi-sentence and show-01 i discontinuous rational all it believe-01 obligate-01 or use-01 define-01 continuity string-entity minus italic-Ïµ ğ›¿ use-01 continuity sequential show-01 continue-01 function-01 and split-01 i attempt-01 case-04 rational value-01 we string-entity ğ‘¥ - 2 want-01 rational use-01 string-entity form-seq gt forall italic-Ïµ 0 form-seq gt exists ğ›¿ 0 and lt italic-Ïµ implies abs minus times ğ‘¥ ğ‘“ times ğ‘ ğ‘“ lt abs minus ğ‘¥ ğ‘ ğ›¿ here - rational use-01 i string-entity eq 0 times ğ‘¥ ğ‘“ -
B.395	multi-sentence contrast-01 equal-01 string-entity $##$ ğ‘“ â†’ ğ‘‰ ğ‘Š string-entity ğ¾ equal-01 string-entity in L-2 ğ‘ ğ‘ ğ‘‰ string-entity in ğ‘˜ ğ¾ glad-02 have-03 i and example easy-05 some intuition thing cause-01 obligate-01 we check-01 condition both have-03 understand-01 linear keep-01 structure project-01 string-entity ğ‘“ function-01 visual cause-01 amr-unknown
B.396	multi-sentence have-03 i be-from-91 string-entity L-4 SUB ğ‘¥ 1 SUB ğ‘¥ 2 â€¦ SUB ğ‘¥ ğ‘› string-entity have-03 function and string-entity and leq ğœƒ leq 0 ğ‘¥ string-entity eq 0 times ğ‘¥ SUB ğ‘“ ğ‘‹ string-entity eq divide times ğ‘¥ 2 SUP ğœƒ 2 times ğ‘¥ SUB ğ‘“ ğ‘‹ density ğ‘‹ correct-02 this amr-unknown obligate-01 i determine-01 thing equal-01 equal-01 string-entity SUP ğœƒ times string-entity ğœƒ do-02 it
B.397	"multi-sentence contrast-01 think-01 i see-01 everything see-01 identity mean-01 string-entity eq minus divide 1 12 plus â‹¯ 4 3 2 1 attribute-01 person name ""ramanujan"" this date-entity night yesterday see-01 i prove-01 correct-02 seem-01 then cause-01 and believe-01 i it all-right crazy-03 have-degree-91 more have-03 infinity size-01 differ-02 hey expressive - have-03 close-01 fact that some final"
B.398	multi-sentence differiable value-01 limit-01 derivative function continue-01 point that amr-unknown contrast-01 seem-01 cause-01 suspect-01 i wrong-04 intuition locate-01 theorem such have-condition-91 that and intuitive approach-01 slope tangent value-01 same-01 possible-01 cause-01 appear-02 recommend-01 slope point that string-entity ğ¿ too discontinuity jump-03 -
B.399	multi-sentence prove-01 you set count-01 possible-01 string-entity ğ´ imperative form string-entity cause-01 and string-entity lt ğ‘ ğ‘ string-entity lt ğ‘ ğ‘‘ rectangle align-01 axis eq conditional-set in L-2 ğ‘¥ ğ‘¦ SUP â„ 2 form-seq and leq ğ‘ leq ğ‘ ğ‘¥ and leq ğ‘‘ leq ğ‘ ğ‘¦ ğ‘€ string-entity L-4 ğ‘ ğ‘ ğ‘ ğ‘‘ attempt-01 i try-01 use-01 density string-entity â„š string-entity interval$O-O$$ â„ leq succeed-01 any -
B.400	"multi-sentence show-01 thing even name ""symbolab"" simplify-01 same-01 - understand-01 i string-entity SUP divide 1 SUP 2 2 minus ğ‘› 2 resemble-01 thing question-01 previous -"
